"440","441","444","445","448","449","452","453","456","457","460","461","464","465","468","469"
"98.8","88.1","100.33","89.81","101.99","91.66","103.77","93.64","105.68","95.76","107.71","97.99","109.84","100.33","112.08","102.77"
"96.42","86.36","97.99","88.1","99.69","89.98","101.51","92.01","103.47","94.16","105.53","96.42","107.71","98.8","109.99","101.28"
"94.16","84.77","95.76","86.54","97.49","88.46","99.36","90.52","101.36","92.7","103.47","95","105.68","97.41","108.01","99.93"
"92.01","83.34","93.64","85.14","95.42","87.09","97.33","89.18","99.36","91.4","101.51","93.73","103.77","96.17","106.14","98.72"
"89.98","82.08","91.66","83.91","93.47","85.89","95.42","88.01","97.49","90.25","99.69","92.61","101.99","95.09","104.39","97.66"
"88.1","81","89.81","82.86","91.66","84.86","93.64","87","95.76","89.27","97.99","91.66","100.33","94.16","102.77","96.75"
"86.36","80.11","88.1","81.98","89.98","84.01","92.01","86.17","94.16","88.46","96.42","90.87","98.8","93.39","101.28","96.01"
"84.77","79.41","86.54","81.3","88.46","83.34","90.52","85.52","92.7","87.83","95","90.25","97.41","92.79","99.93","95.42"
"83.34","78.9","85.14","80.8","87.09","82.86","89.18","85.05","91.4","87.37","93.73","89.81","96.17","92.35","98.72","95"
"82.08","78.6","83.91","80.51","85.89","82.57","88.01","84.77","90.25","87.09","92.61","89.54","95.09","92.09","97.66","94.75"
"81","78.49","82.86","80.41","84.86","82.47","87","84.67","89.27","87","91.66","89.45","94.16","92.01","96.75","94.66"
"80.11","78.6","81.98","80.51","84.01","82.57","86.17","84.77","88.46","87.09","90.87","89.54","93.39","92.09","96.01","94.75"
"79.41","78.9","81.3","80.8","83.34","82.86","85.52","85.05","87.83","87.37","90.25","89.81","92.79","92.35","95.42","95"
"78.9","79.41","80.8","81.3","82.86","83.34","85.05","85.52","87.37","87.83","89.81","90.25","92.35","92.79","95","95.42"
"78.6","80.11","80.51","81.98","82.57","84.01","84.77","86.17","87.09","88.46","89.54","90.87","92.09","93.39","94.75","96.01"
"78.49","81","80.41","82.86","82.47","84.86","84.67","87","87","89.27","89.45","91.66","92.01","94.16","94.66","96.75"
"78.6","82.08","80.51","83.91","82.57","85.89","84.77","88.01","87.09","90.25","89.54","92.61","92.09","95.09","94.75","97.66"
"78.9","83.34","80.8","85.14","82.86","87.09","85.05","89.18","87.37","91.4","89.81","93.73","92.35","96.17","95","98.72"
"79.41","84.77","81.3","86.54","83.34","88.46","85.52","90.52","87.83","92.7","90.25","95","92.79","97.41","95.42","99.93"
"80.11","86.36","81.98","88.1","84.01","89.98","86.17","92.01","88.46","94.16","90.87","96.42","93.39","98.8","96.01","101.28"
"81","88.1","82.86","89.81","84.86","91.66","87","93.64","89.27","95.76","91.66","97.99","94.16","100.33","96.75","102.77"
"82.08","89.98","83.91","91.66","85.89","93.47","88.01","95.42","90.25","97.49","92.61","99.69","95.09","101.99","97.66","104.39"
"83.34","92.01","85.14","93.64","87.09","95.42","89.18","97.33","91.4","99.36","93.73","101.51","96.17","103.77","98.72","106.14"
"84.77","94.16","86.54","95.76","88.46","97.49","90.52","99.36","92.7","101.36","95","103.47","97.41","105.68","99.93","108.01"
"97.41","86.54","98.8","88.1","100.33","89.81","101.99","91.66","103.77","93.64","105.68","95.76","107.71","97.99","109.84","100.33"
"95","84.77","96.42","86.36","97.99","88.1","99.69","89.98","101.51","92.01","103.47","94.16","105.53","96.42","107.71","98.8"
"92.7","83.15","94.16","84.77","95.76","86.54","97.49","88.46","99.36","90.52","101.36","92.7","103.47","95","105.68","97.41"
"90.52","81.69","92.01","83.34","93.64","85.14","95.42","87.09","97.33","89.18","99.36","91.4","101.51","93.73","103.77","96.17"
"88.46","80.41","89.98","82.08","91.66","83.91","93.47","85.89","95.42","88.01","97.49","90.25","99.69","92.61","101.99","95.09"
"86.54","79.3","88.1","81","89.81","82.86","91.66","84.86","93.64","87","95.76","89.27","97.99","91.66","100.33","94.16"
"84.77","78.39","86.36","80.11","88.1","81.98","89.98","84.01","92.01","86.17","94.16","88.46","96.42","90.87","98.8","93.39"
"83.15","77.67","84.77","79.41","86.54","81.3","88.46","83.34","90.52","85.52","92.7","87.83","95","90.25","97.41","92.79"
"81.69","77.16","83.34","78.9","85.14","80.8","87.09","82.86","89.18","85.05","91.4","87.37","93.73","89.81","96.17","92.35"
"80.41","76.85","82.08","78.6","83.91","80.51","85.89","82.57","88.01","84.77","90.25","87.09","92.61","89.54","95.09","92.09"
"79.3","76.74","81","78.49","82.86","80.41","84.86","82.47","87","84.67","89.27","87","91.66","89.45","94.16","92.01"
"78.39","76.85","80.11","78.6","81.98","80.51","84.01","82.57","86.17","84.77","88.46","87.09","90.87","89.54","93.39","92.09"
"77.67","77.16","79.41","78.9","81.3","80.8","83.34","82.86","85.52","85.05","87.83","87.37","90.25","89.81","92.79","92.35"
"77.16","77.67","78.9","79.41","80.8","81.3","82.86","83.34","85.05","85.52","87.37","87.83","89.81","90.25","92.35","92.79"
"76.85","78.39","78.6","80.11","80.51","81.98","82.57","84.01","84.77","86.17","87.09","88.46","89.54","90.87","92.09","93.39"
"76.74","79.3","78.49","81","80.41","82.86","82.47","84.86","84.67","87","87","89.27","89.45","91.66","92.01","94.16"
"76.85","80.41","78.6","82.08","80.51","83.91","82.57","85.89","84.77","88.01","87.09","90.25","89.54","92.61","92.09","95.09"
"77.16","81.69","78.9","83.34","80.8","85.14","82.86","87.09","85.05","89.18","87.37","91.4","89.81","93.73","92.35","96.17"
"77.67","83.15","79.41","84.77","81.3","86.54","83.34","88.46","85.52","90.52","87.83","92.7","90.25","95","92.79","97.41"
"78.39","84.77","80.11","86.36","81.98","88.1","84.01","89.98","86.17","92.01","88.46","94.16","90.87","96.42","93.39","98.8"
"79.3","86.54","81","88.1","82.86","89.81","84.86","91.66","87","93.64","89.27","95.76","91.66","97.99","94.16","100.33"
"80.41","88.46","82.08","89.98","83.91","91.66","85.89","93.47","88.01","95.42","90.25","97.49","92.61","99.69","95.09","101.99"
"81.69","90.52","83.34","92.01","85.14","93.64","87.09","95.42","89.18","97.33","91.4","99.36","93.73","101.51","96.17","103.77"
"83.15","92.7","84.77","94.16","86.54","95.76","88.46","97.49","90.52","99.36","92.7","101.36","95","103.47","97.41","105.68"
"96.17","85.14","97.41","86.54","98.8","88.1","100.33","89.81","101.99","91.66","103.77","93.64","105.68","95.76","107.71","97.99"
"93.73","83.34","95","84.77","96.42","86.36","97.99","88.1","99.69","89.98","101.51","92.01","103.47","94.16","105.53","96.42"
"91.4","81.69","92.7","83.15","94.16","84.77","95.76","86.54","97.49","88.46","99.36","90.52","101.36","92.7","103.47","95"
"89.18","80.21","90.52","81.69","92.01","83.34","93.64","85.14","95.42","87.09","97.33","89.18","99.36","91.4","101.51","93.73"
"87.09","78.9","88.46","80.41","89.98","82.08","91.66","83.91","93.47","85.89","95.42","88.01","97.49","90.25","99.69","92.61"
"85.14","77.78","86.54","79.3","88.1","81","89.81","82.86","91.66","84.86","93.64","87","95.76","89.27","97.99","91.66"
"83.34","76.85","84.77","78.39","86.36","80.11","88.1","81.98","89.98","84.01","92.01","86.17","94.16","88.46","96.42","90.87"
"81.69","76.11","83.15","77.67","84.77","79.41","86.54","81.3","88.46","83.34","90.52","85.52","92.7","87.83","95","90.25"
"80.21","75.59","81.69","77.16","83.34","78.9","85.14","80.8","87.09","82.86","89.18","85.05","91.4","87.37","93.73","89.81"
"78.9","75.27","80.41","76.85","82.08","78.6","83.91","80.51","85.89","82.57","88.01","84.77","90.25","87.09","92.61","89.54"
"77.78","75.16","79.3","76.74","81","78.49","82.86","80.41","84.86","82.47","87","84.67","89.27","87","91.66","89.45"
"76.85","75.27","78.39","76.85","80.11","78.6","81.98","80.51","84.01","82.57","86.17","84.77","88.46","87.09","90.87","89.54"
"76.11","75.59","77.67","77.16","79.41","78.9","81.3","80.8","83.34","82.86","85.52","85.05","87.83","87.37","90.25","89.81"
"75.59","76.11","77.16","77.67","78.9","79.41","80.8","81.3","82.86","83.34","85.05","85.52","87.37","87.83","89.81","90.25"
"75.27","76.85","76.85","78.39","78.6","80.11","80.51","81.98","82.57","84.01","84.77","86.17","87.09","88.46","89.54","90.87"
"75.16","77.78","76.74","79.3","78.49","81","80.41","82.86","82.47","84.86","84.67","87","87","89.27","89.45","91.66"
"75.27","78.9","76.85","80.41","78.6","82.08","80.51","83.91","82.57","85.89","84.77","88.01","87.09","90.25","89.54","92.61"
"75.59","80.21","77.16","81.69","78.9","83.34","80.8","85.14","82.86","87.09","85.05","89.18","87.37","91.4","89.81","93.73"
"76.11","81.69","77.67","83.15","79.41","84.77","81.3","86.54","83.34","88.46","85.52","90.52","87.83","92.7","90.25","95"
"76.85","83.34","78.39","84.77","80.11","86.36","81.98","88.1","84.01","89.98","86.17","92.01","88.46","94.16","90.87","96.42"
"77.78","85.14","79.3","86.54","81","88.1","82.86","89.81","84.86","91.66","87","93.64","89.27","95.76","91.66","97.99"
"78.9","87.09","80.41","88.46","82.08","89.98","83.91","91.66","85.89","93.47","88.01","95.42","90.25","97.49","92.61","99.69"
"80.21","89.18","81.69","90.52","83.34","92.01","85.14","93.64","87.09","95.42","89.18","97.33","91.4","99.36","93.73","101.51"
"81.69","91.4","83.15","92.7","84.77","94.16","86.54","95.76","88.46","97.49","90.52","99.36","92.7","101.36","95","103.47"
"95.09","83.91","96.17","85.14","97.41","86.54","98.8","88.1","100.33","89.81","101.99","91.66","103.77","93.64","105.68","95.76"
"92.61","82.08","93.73","83.34","95","84.77","96.42","86.36","97.99","88.1","99.69","89.98","101.51","92.01","103.47","94.16"
"90.25","80.41","91.4","81.69","92.7","83.15","94.16","84.77","95.76","86.54","97.49","88.46","99.36","90.52","101.36","92.7"
"88.01","78.9","89.18","80.21","90.52","81.69","92.01","83.34","93.64","85.14","95.42","87.09","97.33","89.18","99.36","91.4"
"85.89","77.57","87.09","78.9","88.46","80.41","89.98","82.08","91.66","83.91","93.47","85.89","95.42","88.01","97.49","90.25"
"83.91","76.43","85.14","77.78","86.54","79.3","88.1","81","89.81","82.86","91.66","84.86","93.64","87","95.76","89.27"
"82.08","75.48","83.34","76.85","84.77","78.39","86.36","80.11","88.1","81.98","89.98","84.01","92.01","86.17","94.16","88.46"
"80.41","74.73","81.69","76.11","83.15","77.67","84.77","79.41","86.54","81.3","88.46","83.34","90.52","85.52","92.7","87.83"
"78.9","74.2","80.21","75.59","81.69","77.16","83.34","78.9","85.14","80.8","87.09","82.86","89.18","85.05","91.4","87.37"
"77.57","73.87","78.9","75.27","80.41","76.85","82.08","78.6","83.91","80.51","85.89","82.57","88.01","84.77","90.25","87.09"
"76.43","73.76","77.78","75.16","79.3","76.74","81","78.49","82.86","80.41","84.86","82.47","87","84.67","89.27","87"
"75.48","73.87","76.85","75.27","78.39","76.85","80.11","78.6","81.98","80.51","84.01","82.57","86.17","84.77","88.46","87.09"
"74.73","74.2","76.11","75.59","77.67","77.16","79.41","78.9","81.3","80.8","83.34","82.86","85.52","85.05","87.83","87.37"
"74.2","74.73","75.59","76.11","77.16","77.67","78.9","79.41","80.8","81.3","82.86","83.34","85.05","85.52","87.37","87.83"
"73.87","75.48","75.27","76.85","76.85","78.39","78.6","80.11","80.51","81.98","82.57","84.01","84.77","86.17","87.09","88.46"
"73.76","76.43","75.16","77.78","76.74","79.3","78.49","81","80.41","82.86","82.47","84.86","84.67","87","87","89.27"
"73.87","77.57","75.27","78.9","76.85","80.41","78.6","82.08","80.51","83.91","82.57","85.89","84.77","88.01","87.09","90.25"
"74.2","78.9","75.59","80.21","77.16","81.69","78.9","83.34","80.8","85.14","82.86","87.09","85.05","89.18","87.37","91.4"
"74.73","80.41","76.11","81.69","77.67","83.15","79.41","84.77","81.3","86.54","83.34","88.46","85.52","90.52","87.83","92.7"
"75.48","82.08","76.85","83.34","78.39","84.77","80.11","86.36","81.98","88.1","84.01","89.98","86.17","92.01","88.46","94.16"
"76.43","83.91","77.78","85.14","79.3","86.54","81","88.1","82.86","89.81","84.86","91.66","87","93.64","89.27","95.76"
"77.57","85.89","78.9","87.09","80.41","88.46","82.08","89.98","83.91","91.66","85.89","93.47","88.01","95.42","90.25","97.49"
"78.9","88.01","80.21","89.18","81.69","90.52","83.34","92.01","85.14","93.64","87.09","95.42","89.18","97.33","91.4","99.36"
"80.41","90.25","81.69","91.4","83.15","92.7","84.77","94.16","86.54","95.76","88.46","97.49","90.52","99.36","92.7","101.36"
"94.16","82.86","95.09","83.91","96.17","85.14","97.41","86.54","98.8","88.1","100.33","89.81","101.99","91.66","103.77","93.64"
"91.66","81","92.61","82.08","93.73","83.34","95","84.77","96.42","86.36","97.99","88.1","99.69","89.98","101.51","92.01"
"89.27","79.3","90.25","80.41","91.4","81.69","92.7","83.15","94.16","84.77","95.76","86.54","97.49","88.46","99.36","90.52"
"87","77.78","88.01","78.9","89.18","80.21","90.52","81.69","92.01","83.34","93.64","85.14","95.42","87.09","97.33","89.18"
"84.86","76.43","85.89","77.57","87.09","78.9","88.46","80.41","89.98","82.08","91.66","83.91","93.47","85.89","95.42","88.01"
"82.86","75.27","83.91","76.43","85.14","77.78","86.54","79.3","88.1","81","89.81","82.86","91.66","84.86","93.64","87"
"81","74.31","82.08","75.48","83.34","76.85","84.77","78.39","86.36","80.11","88.1","81.98","89.98","84.01","92.01","86.17"
"79.3","73.55","80.41","74.73","81.69","76.11","83.15","77.67","84.77","79.41","86.54","81.3","88.46","83.34","90.52","85.52"
"77.78","73","78.9","74.2","80.21","75.59","81.69","77.16","83.34","78.9","85.14","80.8","87.09","82.86","89.18","85.05"
"76.43","72.67","77.57","73.87","78.9","75.27","80.41","76.85","82.08","78.6","83.91","80.51","85.89","82.57","88.01","84.77"
"75.27","72.56","76.43","73.76","77.78","75.16","79.3","76.74","81","78.49","82.86","80.41","84.86","82.47","87","84.67"
"74.31","72.67","75.48","73.87","76.85","75.27","78.39","76.85","80.11","78.6","81.98","80.51","84.01","82.57","86.17","84.77"
"73.55","73","74.73","74.2","76.11","75.59","77.67","77.16","79.41","78.9","81.3","80.8","83.34","82.86","85.52","85.05"
"73","73.55","74.2","74.73","75.59","76.11","77.16","77.67","78.9","79.41","80.8","81.3","82.86","83.34","85.05","85.52"
"72.67","74.31","73.87","75.48","75.27","76.85","76.85","78.39","78.6","80.11","80.51","81.98","82.57","84.01","84.77","86.17"
"72.56","75.27","73.76","76.43","75.16","77.78","76.74","79.3","78.49","81","80.41","82.86","82.47","84.86","84.67","87"
"72.67","76.43","73.87","77.57","75.27","78.9","76.85","80.41","78.6","82.08","80.51","83.91","82.57","85.89","84.77","88.01"
"73","77.78","74.2","78.9","75.59","80.21","77.16","81.69","78.9","83.34","80.8","85.14","82.86","87.09","85.05","89.18"
"73.55","79.3","74.73","80.41","76.11","81.69","77.67","83.15","79.41","84.77","81.3","86.54","83.34","88.46","85.52","90.52"
"74.31","81","75.48","82.08","76.85","83.34","78.39","84.77","80.11","86.36","81.98","88.1","84.01","89.98","86.17","92.01"
"75.27","82.86","76.43","83.91","77.78","85.14","79.3","86.54","81","88.1","82.86","89.81","84.86","91.66","87","93.64"
"76.43","84.86","77.57","85.89","78.9","87.09","80.41","88.46","82.08","89.98","83.91","91.66","85.89","93.47","88.01","95.42"
"77.78","87","78.9","88.01","80.21","89.18","81.69","90.52","83.34","92.01","85.14","93.64","87.09","95.42","89.18","97.33"
"79.3","89.27","80.41","90.25","81.69","91.4","83.15","92.7","84.77","94.16","86.54","95.76","88.46","97.49","90.52","99.36"
"93.39","81.98","94.16","82.86","95.09","83.91","96.17","85.14","97.41","86.54","98.8","88.1","100.33","89.81","101.99","91.66"
"90.87","80.11","91.66","81","92.61","82.08","93.73","83.34","95","84.77","96.42","86.36","97.99","88.1","99.69","89.98"
"88.46","78.39","89.27","79.3","90.25","80.41","91.4","81.69","92.7","83.15","94.16","84.77","95.76","86.54","97.49","88.46"
"86.17","76.85","87","77.78","88.01","78.9","89.18","80.21","90.52","81.69","92.01","83.34","93.64","85.14","95.42","87.09"
"84.01","75.48","84.86","76.43","85.89","77.57","87.09","78.9","88.46","80.41","89.98","82.08","91.66","83.91","93.47","85.89"
"81.98","74.31","82.86","75.27","83.91","76.43","85.14","77.78","86.54","79.3","88.1","81","89.81","82.86","91.66","84.86"
"80.11","73.33","81","74.31","82.08","75.48","83.34","76.85","84.77","78.39","86.36","80.11","88.1","81.98","89.98","84.01"
"78.39","72.56","79.3","73.55","80.41","74.73","81.69","76.11","83.15","77.67","84.77","79.41","86.54","81.3","88.46","83.34"
"76.85","72.01","77.78","73","78.9","74.2","80.21","75.59","81.69","77.16","83.34","78.9","85.14","80.8","87.09","82.86"
"75.48","71.67","76.43","72.67","77.57","73.87","78.9","75.27","80.41","76.85","82.08","78.6","83.91","80.51","85.89","82.57"
"74.31","71.56","75.27","72.56","76.43","73.76","77.78","75.16","79.3","76.74","81","78.49","82.86","80.41","84.86","82.47"
"73.33","71.67","74.31","72.67","75.48","73.87","76.85","75.27","78.39","76.85","80.11","78.6","81.98","80.51","84.01","82.57"
"72.56","72.01","73.55","73","74.73","74.2","76.11","75.59","77.67","77.16","79.41","78.9","81.3","80.8","83.34","82.86"
"72.01","72.56","73","73.55","74.2","74.73","75.59","76.11","77.16","77.67","78.9","79.41","80.8","81.3","82.86","83.34"
"71.67","73.33","72.67","74.31","73.87","75.48","75.27","76.85","76.85","78.39","78.6","80.11","80.51","81.98","82.57","84.01"
"71.56","74.31","72.56","75.27","73.76","76.43","75.16","77.78","76.74","79.3","78.49","81","80.41","82.86","82.47","84.86"
"71.67","75.48","72.67","76.43","73.87","77.57","75.27","78.9","76.85","80.41","78.6","82.08","80.51","83.91","82.57","85.89"
"72.01","76.85","73","77.78","74.2","78.9","75.59","80.21","77.16","81.69","78.9","83.34","80.8","85.14","82.86","87.09"
"72.56","78.39","73.55","79.3","74.73","80.41","76.11","81.69","77.67","83.15","79.41","84.77","81.3","86.54","83.34","88.46"
"73.33","80.11","74.31","81","75.48","82.08","76.85","83.34","78.39","84.77","80.11","86.36","81.98","88.1","84.01","89.98"
"74.31","81.98","75.27","82.86","76.43","83.91","77.78","85.14","79.3","86.54","81","88.1","82.86","89.81","84.86","91.66"
"75.48","84.01","76.43","84.86","77.57","85.89","78.9","87.09","80.41","88.46","82.08","89.98","83.91","91.66","85.89","93.47"
"76.85","86.17","77.78","87","78.9","88.01","80.21","89.18","81.69","90.52","83.34","92.01","85.14","93.64","87.09","95.42"
"78.39","88.46","79.3","89.27","80.41","90.25","81.69","91.4","83.15","92.7","84.77","94.16","86.54","95.76","88.46","97.49"
"92.79","81.3","93.39","81.98","94.16","82.86","95.09","83.91","96.17","85.14","97.41","86.54","98.8","88.1","100.33","89.81"
"90.25","79.41","90.87","80.11","91.66","81","92.61","82.08","93.73","83.34","95","84.77","96.42","86.36","97.99","88.1"
"87.83","77.67","88.46","78.39","89.27","79.3","90.25","80.41","91.4","81.69","92.7","83.15","94.16","84.77","95.76","86.54"
"85.52","76.11","86.17","76.85","87","77.78","88.01","78.9","89.18","80.21","90.52","81.69","92.01","83.34","93.64","85.14"
"83.34","74.73","84.01","75.48","84.86","76.43","85.89","77.57","87.09","78.9","88.46","80.41","89.98","82.08","91.66","83.91"
"81.3","73.55","81.98","74.31","82.86","75.27","83.91","76.43","85.14","77.78","86.54","79.3","88.1","81","89.81","82.86"
"79.41","72.56","80.11","73.33","81","74.31","82.08","75.48","83.34","76.85","84.77","78.39","86.36","80.11","88.1","81.98"
"77.67","71.79","78.39","72.56","79.3","73.55","80.41","74.73","81.69","76.11","83.15","77.67","84.77","79.41","86.54","81.3"
"76.11","71.23","76.85","72.01","77.78","73","78.9","74.2","80.21","75.59","81.69","77.16","83.34","78.9","85.14","80.8"
"74.73","70.89","75.48","71.67","76.43","72.67","77.57","73.87","78.9","75.27","80.41","76.85","82.08","78.6","83.91","80.51"
"73.55","70.78","74.31","71.56","75.27","72.56","76.43","73.76","77.78","75.16","79.3","76.74","81","78.49","82.86","80.41"
"72.56","70.89","73.33","71.67","74.31","72.67","75.48","73.87","76.85","75.27","78.39","76.85","80.11","78.6","81.98","80.51"
"71.79","71.23","72.56","72.01","73.55","73","74.73","74.2","76.11","75.59","77.67","77.16","79.41","78.9","81.3","80.8"
"71.23","71.79","72.01","72.56","73","73.55","74.2","74.73","75.59","76.11","77.16","77.67","78.9","79.41","80.8","81.3"
"70.89","72.56","71.67","73.33","72.67","74.31","73.87","75.48","75.27","76.85","76.85","78.39","78.6","80.11","80.51","81.98"
"70.78","73.55","71.56","74.31","72.56","75.27","73.76","76.43","75.16","77.78","76.74","79.3","78.49","81","80.41","82.86"
"70.89","74.73","71.67","75.48","72.67","76.43","73.87","77.57","75.27","78.9","76.85","80.41","78.6","82.08","80.51","83.91"
"71.23","76.11","72.01","76.85","73","77.78","74.2","78.9","75.59","80.21","77.16","81.69","78.9","83.34","80.8","85.14"
"71.79","77.67","72.56","78.39","73.55","79.3","74.73","80.41","76.11","81.69","77.67","83.15","79.41","84.77","81.3","86.54"
"72.56","79.41","73.33","80.11","74.31","81","75.48","82.08","76.85","83.34","78.39","84.77","80.11","86.36","81.98","88.1"
"73.55","81.3","74.31","81.98","75.27","82.86","76.43","83.91","77.78","85.14","79.3","86.54","81","88.1","82.86","89.81"
"74.73","83.34","75.48","84.01","76.43","84.86","77.57","85.89","78.9","87.09","80.41","88.46","82.08","89.98","83.91","91.66"
"76.11","85.52","76.85","86.17","77.78","87","78.9","88.01","80.21","89.18","81.69","90.52","83.34","92.01","85.14","93.64"
"77.67","87.83","78.39","88.46","79.3","89.27","80.41","90.25","81.69","91.4","83.15","92.7","84.77","94.16","86.54","95.76"
"92.35","80.8","92.79","81.3","93.39","81.98","94.16","82.86","95.09","83.91","96.17","85.14","97.41","86.54","98.8","88.1"
"89.81","78.9","90.25","79.41","90.87","80.11","91.66","81","92.61","82.08","93.73","83.34","95","84.77","96.42","86.36"
"87.37","77.16","87.83","77.67","88.46","78.39","89.27","79.3","90.25","80.41","91.4","81.69","92.7","83.15","94.16","84.77"
"85.05","75.59","85.52","76.11","86.17","76.85","87","77.78","88.01","78.9","89.18","80.21","90.52","81.69","92.01","83.34"
"82.86","74.2","83.34","74.73","84.01","75.48","84.86","76.43","85.89","77.57","87.09","78.9","88.46","80.41","89.98","82.08"
"80.8","73","81.3","73.55","81.98","74.31","82.86","75.27","83.91","76.43","85.14","77.78","86.54","79.3","88.1","81"
"78.9","72.01","79.41","72.56","80.11","73.33","81","74.31","82.08","75.48","83.34","76.85","84.77","78.39","86.36","80.11"
"77.16","71.23","77.67","71.79","78.39","72.56","79.3","73.55","80.41","74.73","81.69","76.11","83.15","77.67","84.77","79.41"
"75.59","70.66","76.11","71.23","76.85","72.01","77.78","73","78.9","74.2","80.21","75.59","81.69","77.16","83.34","78.9"
"74.2","70.32","74.73","70.89","75.48","71.67","76.43","72.67","77.57","73.87","78.9","75.27","80.41","76.85","82.08","78.6"
"73","70.21","73.55","70.78","74.31","71.56","75.27","72.56","76.43","73.76","77.78","75.16","79.3","76.74","81","78.49"
"72.01","70.32","72.56","70.89","73.33","71.67","74.31","72.67","75.48","73.87","76.85","75.27","78.39","76.85","80.11","78.6"
"71.23","70.66","71.79","71.23","72.56","72.01","73.55","73","74.73","74.2","76.11","75.59","77.67","77.16","79.41","78.9"
"70.66","71.23","71.23","71.79","72.01","72.56","73","73.55","74.2","74.73","75.59","76.11","77.16","77.67","78.9","79.41"
"70.32","72.01","70.89","72.56","71.67","73.33","72.67","74.31","73.87","75.48","75.27","76.85","76.85","78.39","78.6","80.11"
"70.21","73","70.78","73.55","71.56","74.31","72.56","75.27","73.76","76.43","75.16","77.78","76.74","79.3","78.49","81"
"70.32","74.2","70.89","74.73","71.67","75.48","72.67","76.43","73.87","77.57","75.27","78.9","76.85","80.41","78.6","82.08"
"70.66","75.59","71.23","76.11","72.01","76.85","73","77.78","74.2","78.9","75.59","80.21","77.16","81.69","78.9","83.34"
"71.23","77.16","71.79","77.67","72.56","78.39","73.55","79.3","74.73","80.41","76.11","81.69","77.67","83.15","79.41","84.77"
"72.01","78.9","72.56","79.41","73.33","80.11","74.31","81","75.48","82.08","76.85","83.34","78.39","84.77","80.11","86.36"
"73","80.8","73.55","81.3","74.31","81.98","75.27","82.86","76.43","83.91","77.78","85.14","79.3","86.54","81","88.1"
"74.2","82.86","74.73","83.34","75.48","84.01","76.43","84.86","77.57","85.89","78.9","87.09","80.41","88.46","82.08","89.98"
"75.59","85.05","76.11","85.52","76.85","86.17","77.78","87","78.9","88.01","80.21","89.18","81.69","90.52","83.34","92.01"
"77.16","87.37","77.67","87.83","78.39","88.46","79.3","89.27","80.41","90.25","81.69","91.4","83.15","92.7","84.77","94.16"
"92.09","80.51","92.35","80.8","92.79","81.3","93.39","81.98","94.16","82.86","95.09","83.91","96.17","85.14","97.41","86.54"
"89.54","78.6","89.81","78.9","90.25","79.41","90.87","80.11","91.66","81","92.61","82.08","93.73","83.34","95","84.77"
"87.09","76.85","87.37","77.16","87.83","77.67","88.46","78.39","89.27","79.3","90.25","80.41","91.4","81.69","92.7","83.15"
"84.77","75.27","85.05","75.59","85.52","76.11","86.17","76.85","87","77.78","88.01","78.9","89.18","80.21","90.52","81.69"
"82.57","73.87","82.86","74.2","83.34","74.73","84.01","75.48","84.86","76.43","85.89","77.57","87.09","78.9","88.46","80.41"
"80.51","72.67","80.8","73","81.3","73.55","81.98","74.31","82.86","75.27","83.91","76.43","85.14","77.78","86.54","79.3"
"78.6","71.67","78.9","72.01","79.41","72.56","80.11","73.33","81","74.31","82.08","75.48","83.34","76.85","84.77","78.39"
"76.85","70.89","77.16","71.23","77.67","71.79","78.39","72.56","79.3","73.55","80.41","74.73","81.69","76.11","83.15","77.67"
"75.27","70.32","75.59","70.66","76.11","71.23","76.85","72.01","77.78","73","78.9","74.2","80.21","75.59","81.69","77.16"
"73.87","69.98","74.2","70.32","74.73","70.89","75.48","71.67","76.43","72.67","77.57","73.87","78.9","75.27","80.41","76.85"
"72.67","69.87","73","70.21","73.55","70.78","74.31","71.56","75.27","72.56","76.43","73.76","77.78","75.16","79.3","76.74"
"71.67","69.98","72.01","70.32","72.56","70.89","73.33","71.67","74.31","72.67","75.48","73.87","76.85","75.27","78.39","76.85"
"70.89","70.32","71.23","70.66","71.79","71.23","72.56","72.01","73.55","73","74.73","74.2","76.11","75.59","77.67","77.16"
"70.32","70.89","70.66","71.23","71.23","71.79","72.01","72.56","73","73.55","74.2","74.73","75.59","76.11","77.16","77.67"
"69.98","71.67","70.32","72.01","70.89","72.56","71.67","73.33","72.67","74.31","73.87","75.48","75.27","76.85","76.85","78.39"
"69.87","72.67","70.21","73","70.78","73.55","71.56","74.31","72.56","75.27","73.76","76.43","75.16","77.78","76.74","79.3"
"69.98","73.87","70.32","74.2","70.89","74.73","71.67","75.48","72.67","76.43","73.87","77.57","75.27","78.9","76.85","80.41"
"70.32","75.27","70.66","75.59","71.23","76.11","72.01","76.85","73","77.78","74.2","78.9","75.59","80.21","77.16","81.69"
"70.89","76.85","71.23","77.16","71.79","77.67","72.56","78.39","73.55","79.3","74.73","80.41","76.11","81.69","77.67","83.15"
"71.67","78.6","72.01","78.9","72.56","79.41","73.33","80.11","74.31","81","75.48","82.08","76.85","83.34","78.39","84.77"
"72.67","80.51","73","80.8","73.55","81.3","74.31","81.98","75.27","82.86","76.43","83.91","77.78","85.14","79.3","86.54"
"73.87","82.57","74.2","82.86","74.73","83.34","75.48","84.01","76.43","84.86","77.57","85.89","78.9","87.09","80.41","88.46"
"75.27","84.77","75.59","85.05","76.11","85.52","76.85","86.17","77.78","87","78.9","88.01","80.21","89.18","81.69","90.52"
"76.85","87.09","77.16","87.37","77.67","87.83","78.39","88.46","79.3","89.27","80.41","90.25","81.69","91.4","83.15","92.7"
"92.01","80.41","92.09","80.51","92.35","80.8","92.79","81.3","93.39","81.98","94.16","82.86","95.09","83.91","96.17","85.14"
"89.45","78.49","89.54","78.6","89.81","78.9","90.25","79.41","90.87","80.11","91.66","81","92.61","82.08","93.73","83.34"
"87","76.74","87.09","76.85","87.37","77.16","87.83","77.67","88.46","78.39","89.27","79.3","90.25","80.41","91.4","81.69"
"84.67","75.16","84.77","75.27","85.05","75.59","85.52","76.11","86.17","76.85","87","77.78","88.01","78.9","89.18","80.21"
"82.47","73.76","82.57","73.87","82.86","74.2","83.34","74.73","84.01","75.48","84.86","76.43","85.89","77.57","87.09","78.9"
"80.41","72.56","80.51","72.67","80.8","73","81.3","73.55","81.98","74.31","82.86","75.27","83.91","76.43","85.14","77.78"
"78.49","71.56","78.6","71.67","78.9","72.01","79.41","72.56","80.11","73.33","81","74.31","82.08","75.48","83.34","76.85"
"76.74","70.78","76.85","70.89","77.16","71.23","77.67","71.79","78.39","72.56","79.3","73.55","80.41","74.73","81.69","76.11"
"75.16","70.21","75.27","70.32","75.59","70.66","76.11","71.23","76.85","72.01","77.78","73","78.9","74.2","80.21","75.59"
"73.76","69.87","73.87","69.98","74.2","70.32","74.73","70.89","75.48","71.67","76.43","72.67","77.57","73.87","78.9","75.27"
"72.56","69.75","72.67","69.87","73","70.21","73.55","70.78","74.31","71.56","75.27","72.56","76.43","73.76","77.78","75.16"
"71.56","69.87","71.67","69.98","72.01","70.32","72.56","70.89","73.33","71.67","74.31","72.67","75.48","73.87","76.85","75.27"
"70.78","70.21","70.89","70.32","71.23","70.66","71.79","71.23","72.56","72.01","73.55","73","74.73","74.2","76.11","75.59"
"70.21","70.78","70.32","70.89","70.66","71.23","71.23","71.79","72.01","72.56","73","73.55","74.2","74.73","75.59","76.11"
"69.87","71.56","69.98","71.67","70.32","72.01","70.89","72.56","71.67","73.33","72.67","74.31","73.87","75.48","75.27","76.85"
"69.75","72.56","69.87","72.67","70.21","73","70.78","73.55","71.56","74.31","72.56","75.27","73.76","76.43","75.16","77.78"
"69.87","73.76","69.98","73.87","70.32","74.2","70.89","74.73","71.67","75.48","72.67","76.43","73.87","77.57","75.27","78.9"
"70.21","75.16","70.32","75.27","70.66","75.59","71.23","76.11","72.01","76.85","73","77.78","74.2","78.9","75.59","80.21"
"70.78","76.74","70.89","76.85","71.23","77.16","71.79","77.67","72.56","78.39","73.55","79.3","74.73","80.41","76.11","81.69"
"71.56","78.49","71.67","78.6","72.01","78.9","72.56","79.41","73.33","80.11","74.31","81","75.48","82.08","76.85","83.34"
"72.56","80.41","72.67","80.51","73","80.8","73.55","81.3","74.31","81.98","75.27","82.86","76.43","83.91","77.78","85.14"
"73.76","82.47","73.87","82.57","74.2","82.86","74.73","83.34","75.48","84.01","76.43","84.86","77.57","85.89","78.9","87.09"
"75.16","84.67","75.27","84.77","75.59","85.05","76.11","85.52","76.85","86.17","77.78","87","78.9","88.01","80.21","89.18"
"76.74","87","76.85","87.09","77.16","87.37","77.67","87.83","78.39","88.46","79.3","89.27","80.41","90.25","81.69","91.4"
"92.09","80.51","92.01","80.41","92.09","80.51","92.35","80.8","92.79","81.3","93.39","81.98","94.16","82.86","95.09","83.91"
"89.54","78.6","89.45","78.49","89.54","78.6","89.81","78.9","90.25","79.41","90.87","80.11","91.66","81","92.61","82.08"
"87.09","76.85","87","76.74","87.09","76.85","87.37","77.16","87.83","77.67","88.46","78.39","89.27","79.3","90.25","80.41"
"84.77","75.27","84.67","75.16","84.77","75.27","85.05","75.59","85.52","76.11","86.17","76.85","87","77.78","88.01","78.9"
"82.57","73.87","82.47","73.76","82.57","73.87","82.86","74.2","83.34","74.73","84.01","75.48","84.86","76.43","85.89","77.57"
"80.51","72.67","80.41","72.56","80.51","72.67","80.8","73","81.3","73.55","81.98","74.31","82.86","75.27","83.91","76.43"
"78.6","71.67","78.49","71.56","78.6","71.67","78.9","72.01","79.41","72.56","80.11","73.33","81","74.31","82.08","75.48"
"76.85","70.89","76.74","70.78","76.85","70.89","77.16","71.23","77.67","71.79","78.39","72.56","79.3","73.55","80.41","74.73"
"75.27","70.32","75.16","70.21","75.27","70.32","75.59","70.66","76.11","71.23","76.85","72.01","77.78","73","78.9","74.2"
"73.87","69.98","73.76","69.87","73.87","69.98","74.2","70.32","74.73","70.89","75.48","71.67","76.43","72.67","77.57","73.87"
"72.67","69.87","72.56","69.75","72.67","69.87","73","70.21","73.55","70.78","74.31","71.56","75.27","72.56","76.43","73.76"
"71.67","69.98","71.56","69.87","71.67","69.98","72.01","70.32","72.56","70.89","73.33","71.67","74.31","72.67","75.48","73.87"
"70.89","70.32","70.78","70.21","70.89","70.32","71.23","70.66","71.79","71.23","72.56","72.01","73.55","73","74.73","74.2"
"70.32","70.89","70.21","70.78","70.32","70.89","70.66","71.23","71.23","71.79","72.01","72.56","73","73.55","74.2","74.73"
"69.98","71.67","69.87","71.56","69.98","71.67","70.32","72.01","70.89","72.56","71.67","73.33","72.67","74.31","73.87","75.48"
"69.87","72.67","69.75","72.56","69.87","72.67","70.21","73","70.78","73.55","71.56","74.31","72.56","75.27","73.76","76.43"
"69.98","73.87","69.87","73.76","69.98","73.87","70.32","74.2","70.89","74.73","71.67","75.48","72.67","76.43","73.87","77.57"
"70.32","75.27","70.21","75.16","70.32","75.27","70.66","75.59","71.23","76.11","72.01","76.85","73","77.78","74.2","78.9"
"70.89","76.85","70.78","76.74","70.89","76.85","71.23","77.16","71.79","77.67","72.56","78.39","73.55","79.3","74.73","80.41"
"71.67","78.6","71.56","78.49","71.67","78.6","72.01","78.9","72.56","79.41","73.33","80.11","74.31","81","75.48","82.08"
"72.67","80.51","72.56","80.41","72.67","80.51","73","80.8","73.55","81.3","74.31","81.98","75.27","82.86","76.43","83.91"
"73.87","82.57","73.76","82.47","73.87","82.57","74.2","82.86","74.73","83.34","75.48","84.01","76.43","84.86","77.57","85.89"
"75.27","84.77","75.16","84.67","75.27","84.77","75.59","85.05","76.11","85.52","76.85","86.17","77.78","87","78.9","88.01"
"76.85","87.09","76.74","87","76.85","87.09","77.16","87.37","77.67","87.83","78.39","88.46","79.3","89.27","80.41","90.25"
"92.35","80.8","92.09","80.51","92.01","80.41","92.09","80.51","92.35","80.8","92.79","81.3","93.39","81.98","94.16","82.86"
"89.81","78.9","89.54","78.6","89.45","78.49","89.54","78.6","89.81","78.9","90.25","79.41","90.87","80.11","91.66","81"
"87.37","77.16","87.09","76.85","87","76.74","87.09","76.85","87.37","77.16","87.83","77.67","88.46","78.39","89.27","79.3"
"85.05","75.59","84.77","75.27","84.67","75.16","84.77","75.27","85.05","75.59","85.52","76.11","86.17","76.85","87","77.78"
"82.86","74.2","82.57","73.87","82.47","73.76","82.57","73.87","82.86","74.2","83.34","74.73","84.01","75.48","84.86","76.43"
"80.8","73","80.51","72.67","80.41","72.56","80.51","72.67","80.8","73","81.3","73.55","81.98","74.31","82.86","75.27"
"78.9","72.01","78.6","71.67","78.49","71.56","78.6","71.67","78.9","72.01","79.41","72.56","80.11","73.33","81","74.31"
"77.16","71.23","76.85","70.89","76.74","70.78","76.85","70.89","77.16","71.23","77.67","71.79","78.39","72.56","79.3","73.55"
"75.59","70.66","75.27","70.32","75.16","70.21","75.27","70.32","75.59","70.66","76.11","71.23","76.85","72.01","77.78","73"
"74.2","70.32","73.87","69.98","73.76","69.87","73.87","69.98","74.2","70.32","74.73","70.89","75.48","71.67","76.43","72.67"
"73","70.21","72.67","69.87","72.56","69.75","72.67","69.87","73","70.21","73.55","70.78","74.31","71.56","75.27","72.56"
"72.01","70.32","71.67","69.98","71.56","69.87","71.67","69.98","72.01","70.32","72.56","70.89","73.33","71.67","74.31","72.67"
"71.23","70.66","70.89","70.32","70.78","70.21","70.89","70.32","71.23","70.66","71.79","71.23","72.56","72.01","73.55","73"
"70.66","71.23","70.32","70.89","70.21","70.78","70.32","70.89","70.66","71.23","71.23","71.79","72.01","72.56","73","73.55"
"70.32","72.01","69.98","71.67","69.87","71.56","69.98","71.67","70.32","72.01","70.89","72.56","71.67","73.33","72.67","74.31"
"70.21","73","69.87","72.67","69.75","72.56","69.87","72.67","70.21","73","70.78","73.55","71.56","74.31","72.56","75.27"
"70.32","74.2","69.98","73.87","69.87","73.76","69.98","73.87","70.32","74.2","70.89","74.73","71.67","75.48","72.67","76.43"
"70.66","75.59","70.32","75.27","70.21","75.16","70.32","75.27","70.66","75.59","71.23","76.11","72.01","76.85","73","77.78"
"71.23","77.16","70.89","76.85","70.78","76.74","70.89","76.85","71.23","77.16","71.79","77.67","72.56","78.39","73.55","79.3"
"72.01","78.9","71.67","78.6","71.56","78.49","71.67","78.6","72.01","78.9","72.56","79.41","73.33","80.11","74.31","81"
"73","80.8","72.67","80.51","72.56","80.41","72.67","80.51","73","80.8","73.55","81.3","74.31","81.98","75.27","82.86"
"74.2","82.86","73.87","82.57","73.76","82.47","73.87","82.57","74.2","82.86","74.73","83.34","75.48","84.01","76.43","84.86"
"75.59","85.05","75.27","84.77","75.16","84.67","75.27","84.77","75.59","85.05","76.11","85.52","76.85","86.17","77.78","87"
"77.16","87.37","76.85","87.09","76.74","87","76.85","87.09","77.16","87.37","77.67","87.83","78.39","88.46","79.3","89.27"
"92.79","81.3","92.35","80.8","92.09","80.51","92.01","80.41","92.09","80.51","92.35","80.8","92.79","81.3","93.39","81.98"
"90.25","79.41","89.81","78.9","89.54","78.6","89.45","78.49","89.54","78.6","89.81","78.9","90.25","79.41","90.87","80.11"
"87.83","77.67","87.37","77.16","87.09","76.85","87","76.74","87.09","76.85","87.37","77.16","87.83","77.67","88.46","78.39"
"85.52","76.11","85.05","75.59","84.77","75.27","84.67","75.16","84.77","75.27","85.05","75.59","85.52","76.11","86.17","76.85"
"83.34","74.73","82.86","74.2","82.57","73.87","82.47","73.76","82.57","73.87","82.86","74.2","83.34","74.73","84.01","75.48"
"81.3","73.55","80.8","73","80.51","72.67","80.41","72.56","80.51","72.67","80.8","73","81.3","73.55","81.98","74.31"
"79.41","72.56","78.9","72.01","78.6","71.67","78.49","71.56","78.6","71.67","78.9","72.01","79.41","72.56","80.11","73.33"
"77.67","71.79","77.16","71.23","76.85","70.89","76.74","70.78","76.85","70.89","77.16","71.23","77.67","71.79","78.39","72.56"
"76.11","71.23","75.59","70.66","75.27","70.32","75.16","70.21","75.27","70.32","75.59","70.66","76.11","71.23","76.85","72.01"
"74.73","70.89","74.2","70.32","73.87","69.98","73.76","69.87","73.87","69.98","74.2","70.32","74.73","70.89","75.48","71.67"
"73.55","70.78","73","70.21","72.67","69.87","72.56","69.75","72.67","69.87","73","70.21","73.55","70.78","74.31","71.56"
"72.56","70.89","72.01","70.32","71.67","69.98","71.56","69.87","71.67","69.98","72.01","70.32","72.56","70.89","73.33","71.67"
"71.79","71.23","71.23","70.66","70.89","70.32","70.78","70.21","70.89","70.32","71.23","70.66","71.79","71.23","72.56","72.01"
"71.23","71.79","70.66","71.23","70.32","70.89","70.21","70.78","70.32","70.89","70.66","71.23","71.23","71.79","72.01","72.56"
"70.89","72.56","70.32","72.01","69.98","71.67","69.87","71.56","69.98","71.67","70.32","72.01","70.89","72.56","71.67","73.33"
"70.78","73.55","70.21","73","69.87","72.67","69.75","72.56","69.87","72.67","70.21","73","70.78","73.55","71.56","74.31"
"70.89","74.73","70.32","74.2","69.98","73.87","69.87","73.76","69.98","73.87","70.32","74.2","70.89","74.73","71.67","75.48"
"71.23","76.11","70.66","75.59","70.32","75.27","70.21","75.16","70.32","75.27","70.66","75.59","71.23","76.11","72.01","76.85"
"71.79","77.67","71.23","77.16","70.89","76.85","70.78","76.74","70.89","76.85","71.23","77.16","71.79","77.67","72.56","78.39"
"72.56","79.41","72.01","78.9","71.67","78.6","71.56","78.49","71.67","78.6","72.01","78.9","72.56","79.41","73.33","80.11"
"73.55","81.3","73","80.8","72.67","80.51","72.56","80.41","72.67","80.51","73","80.8","73.55","81.3","74.31","81.98"
"74.73","83.34","74.2","82.86","73.87","82.57","73.76","82.47","73.87","82.57","74.2","82.86","74.73","83.34","75.48","84.01"
"76.11","85.52","75.59","85.05","75.27","84.77","75.16","84.67","75.27","84.77","75.59","85.05","76.11","85.52","76.85","86.17"
"77.67","87.83","77.16","87.37","76.85","87.09","76.74","87","76.85","87.09","77.16","87.37","77.67","87.83","78.39","88.46"
"93.39","81.98","92.79","81.3","92.35","80.8","92.09","80.51","92.01","80.41","92.09","80.51","92.35","80.8","92.79","81.3"
"90.87","80.11","90.25","79.41","89.81","78.9","89.54","78.6","89.45","78.49","89.54","78.6","89.81","78.9","90.25","79.41"
"88.46","78.39","87.83","77.67","87.37","77.16","87.09","76.85","87","76.74","87.09","76.85","87.37","77.16","87.83","77.67"
"86.17","76.85","85.52","76.11","85.05","75.59","84.77","75.27","84.67","75.16","84.77","75.27","85.05","75.59","85.52","76.11"
"84.01","75.48","83.34","74.73","82.86","74.2","82.57","73.87","82.47","73.76","82.57","73.87","82.86","74.2","83.34","74.73"
"81.98","74.31","81.3","73.55","80.8","73","80.51","72.67","80.41","72.56","80.51","72.67","80.8","73","81.3","73.55"
"80.11","73.33","79.41","72.56","78.9","72.01","78.6","71.67","78.49","71.56","78.6","71.67","78.9","72.01","79.41","72.56"
"78.39","72.56","77.67","71.79","77.16","71.23","76.85","70.89","76.74","70.78","76.85","70.89","77.16","71.23","77.67","71.79"
"76.85","72.01","76.11","71.23","75.59","70.66","75.27","70.32","75.16","70.21","75.27","70.32","75.59","70.66","76.11","71.23"
"75.48","71.67","74.73","70.89","74.2","70.32","73.87","69.98","73.76","69.87","73.87","69.98","74.2","70.32","74.73","70.89"
"74.31","71.56","73.55","70.78","73","70.21","72.67","69.87","72.56","69.75","72.67","69.87","73","70.21","73.55","70.78"
"73.33","71.67","72.56","70.89","72.01","70.32","71.67","69.98","71.56","69.87","71.67","69.98","72.01","70.32","72.56","70.89"
"72.56","72.01","71.79","71.23","71.23","70.66","70.89","70.32","70.78","70.21","70.89","70.32","71.23","70.66","71.79","71.23"
"72.01","72.56","71.23","71.79","70.66","71.23","70.32","70.89","70.21","70.78","70.32","70.89","70.66","71.23","71.23","71.79"
"71.67","73.33","70.89","72.56","70.32","72.01","69.98","71.67","69.87","71.56","69.98","71.67","70.32","72.01","70.89","72.56"
"71.56","74.31","70.78","73.55","70.21","73","69.87","72.67","69.75","72.56","69.87","72.67","70.21","73","70.78","73.55"
"71.67","75.48","70.89","74.73","70.32","74.2","69.98","73.87","69.87","73.76","69.98","73.87","70.32","74.2","70.89","74.73"
"72.01","76.85","71.23","76.11","70.66","75.59","70.32","75.27","70.21","75.16","70.32","75.27","70.66","75.59","71.23","76.11"
"72.56","78.39","71.79","77.67","71.23","77.16","70.89","76.85","70.78","76.74","70.89","76.85","71.23","77.16","71.79","77.67"
"73.33","80.11","72.56","79.41","72.01","78.9","71.67","78.6","71.56","78.49","71.67","78.6","72.01","78.9","72.56","79.41"
"74.31","81.98","73.55","81.3","73","80.8","72.67","80.51","72.56","80.41","72.67","80.51","73","80.8","73.55","81.3"
"75.48","84.01","74.73","83.34","74.2","82.86","73.87","82.57","73.76","82.47","73.87","82.57","74.2","82.86","74.73","83.34"
"76.85","86.17","76.11","85.52","75.59","85.05","75.27","84.77","75.16","84.67","75.27","84.77","75.59","85.05","76.11","85.52"
"78.39","88.46","77.67","87.83","77.16","87.37","76.85","87.09","76.74","87","76.85","87.09","77.16","87.37","77.67","87.83"
"94.16","82.86","93.39","81.98","92.79","81.3","92.35","80.8","92.09","80.51","92.01","80.41","92.09","80.51","92.35","80.8"
"91.66","81","90.87","80.11","90.25","79.41","89.81","78.9","89.54","78.6","89.45","78.49","89.54","78.6","89.81","78.9"
"89.27","79.3","88.46","78.39","87.83","77.67","87.37","77.16","87.09","76.85","87","76.74","87.09","76.85","87.37","77.16"
"87","77.78","86.17","76.85","85.52","76.11","85.05","75.59","84.77","75.27","84.67","75.16","84.77","75.27","85.05","75.59"
"84.86","76.43","84.01","75.48","83.34","74.73","82.86","74.2","82.57","73.87","82.47","73.76","82.57","73.87","82.86","74.2"
"82.86","75.27","81.98","74.31","81.3","73.55","80.8","73","80.51","72.67","80.41","72.56","80.51","72.67","80.8","73"
"81","74.31","80.11","73.33","79.41","72.56","78.9","72.01","78.6","71.67","78.49","71.56","78.6","71.67","78.9","72.01"
"79.3","73.55","78.39","72.56","77.67","71.79","77.16","71.23","76.85","70.89","76.74","70.78","76.85","70.89","77.16","71.23"
"77.78","73","76.85","72.01","76.11","71.23","75.59","70.66","75.27","70.32","75.16","70.21","75.27","70.32","75.59","70.66"
"76.43","72.67","75.48","71.67","74.73","70.89","74.2","70.32","73.87","69.98","73.76","69.87","73.87","69.98","74.2","70.32"
"75.27","72.56","74.31","71.56","73.55","70.78","73","70.21","72.67","69.87","72.56","69.75","72.67","69.87","73","70.21"
"74.31","72.67","73.33","71.67","72.56","70.89","72.01","70.32","71.67","69.98","71.56","69.87","71.67","69.98","72.01","70.32"
"73.55","73","72.56","72.01","71.79","71.23","71.23","70.66","70.89","70.32","70.78","70.21","70.89","70.32","71.23","70.66"
"73","73.55","72.01","72.56","71.23","71.79","70.66","71.23","70.32","70.89","70.21","70.78","70.32","70.89","70.66","71.23"
"72.67","74.31","71.67","73.33","70.89","72.56","70.32","72.01","69.98","71.67","69.87","71.56","69.98","71.67","70.32","72.01"
"72.56","75.27","71.56","74.31","70.78","73.55","70.21","73","69.87","72.67","69.75","72.56","69.87","72.67","70.21","73"
"72.67","76.43","71.67","75.48","70.89","74.73","70.32","74.2","69.98","73.87","69.87","73.76","69.98","73.87","70.32","74.2"
"73","77.78","72.01","76.85","71.23","76.11","70.66","75.59","70.32","75.27","70.21","75.16","70.32","75.27","70.66","75.59"
"73.55","79.3","72.56","78.39","71.79","77.67","71.23","77.16","70.89","76.85","70.78","76.74","70.89","76.85","71.23","77.16"
"74.31","81","73.33","80.11","72.56","79.41","72.01","78.9","71.67","78.6","71.56","78.49","71.67","78.6","72.01","78.9"
"75.27","82.86","74.31","81.98","73.55","81.3","73","80.8","72.67","80.51","72.56","80.41","72.67","80.51","73","80.8"
"76.43","84.86","75.48","84.01","74.73","83.34","74.2","82.86","73.87","82.57","73.76","82.47","73.87","82.57","74.2","82.86"
"77.78","87","76.85","86.17","76.11","85.52","75.59","85.05","75.27","84.77","75.16","84.67","75.27","84.77","75.59","85.05"
"79.3","89.27","78.39","88.46","77.67","87.83","77.16","87.37","76.85","87.09","76.74","87","76.85","87.09","77.16","87.37"
"95.09","83.91","94.16","82.86","93.39","81.98","92.79","81.3","92.35","80.8","92.09","80.51","92.01","80.41","92.09","80.51"
"92.61","82.08","91.66","81","90.87","80.11","90.25","79.41","89.81","78.9","89.54","78.6","89.45","78.49","89.54","78.6"
"90.25","80.41","89.27","79.3","88.46","78.39","87.83","77.67","87.37","77.16","87.09","76.85","87","76.74","87.09","76.85"
"88.01","78.9","87","77.78","86.17","76.85","85.52","76.11","85.05","75.59","84.77","75.27","84.67","75.16","84.77","75.27"
"85.89","77.57","84.86","76.43","84.01","75.48","83.34","74.73","82.86","74.2","82.57","73.87","82.47","73.76","82.57","73.87"
"83.91","76.43","82.86","75.27","81.98","74.31","81.3","73.55","80.8","73","80.51","72.67","80.41","72.56","80.51","72.67"
"82.08","75.48","81","74.31","80.11","73.33","79.41","72.56","78.9","72.01","78.6","71.67","78.49","71.56","78.6","71.67"
"80.41","74.73","79.3","73.55","78.39","72.56","77.67","71.79","77.16","71.23","76.85","70.89","76.74","70.78","76.85","70.89"
"78.9","74.2","77.78","73","76.85","72.01","76.11","71.23","75.59","70.66","75.27","70.32","75.16","70.21","75.27","70.32"
"77.57","73.87","76.43","72.67","75.48","71.67","74.73","70.89","74.2","70.32","73.87","69.98","73.76","69.87","73.87","69.98"
"76.43","73.76","75.27","72.56","74.31","71.56","73.55","70.78","73","70.21","72.67","69.87","72.56","69.75","72.67","69.87"
"75.48","73.87","74.31","72.67","73.33","71.67","72.56","70.89","72.01","70.32","71.67","69.98","71.56","69.87","71.67","69.98"
"74.73","74.2","73.55","73","72.56","72.01","71.79","71.23","71.23","70.66","70.89","70.32","70.78","70.21","70.89","70.32"
"74.2","74.73","73","73.55","72.01","72.56","71.23","71.79","70.66","71.23","70.32","70.89","70.21","70.78","70.32","70.89"
"73.87","75.48","72.67","74.31","71.67","73.33","70.89","72.56","70.32","72.01","69.98","71.67","69.87","71.56","69.98","71.67"
"73.76","76.43","72.56","75.27","71.56","74.31","70.78","73.55","70.21","73","69.87","72.67","69.75","72.56","69.87","72.67"
"73.87","77.57","72.67","76.43","71.67","75.48","70.89","74.73","70.32","74.2","69.98","73.87","69.87","73.76","69.98","73.87"
"74.2","78.9","73","77.78","72.01","76.85","71.23","76.11","70.66","75.59","70.32","75.27","70.21","75.16","70.32","75.27"
"74.73","80.41","73.55","79.3","72.56","78.39","71.79","77.67","71.23","77.16","70.89","76.85","70.78","76.74","70.89","76.85"
"75.48","82.08","74.31","81","73.33","80.11","72.56","79.41","72.01","78.9","71.67","78.6","71.56","78.49","71.67","78.6"
"76.43","83.91","75.27","82.86","74.31","81.98","73.55","81.3","73","80.8","72.67","80.51","72.56","80.41","72.67","80.51"
"77.57","85.89","76.43","84.86","75.48","84.01","74.73","83.34","74.2","82.86","73.87","82.57","73.76","82.47","73.87","82.57"
"78.9","88.01","77.78","87","76.85","86.17","76.11","85.52","75.59","85.05","75.27","84.77","75.16","84.67","75.27","84.77"
"80.41","90.25","79.3","89.27","78.39","88.46","77.67","87.83","77.16","87.37","76.85","87.09","76.74","87","76.85","87.09"
"96.17","85.14","95.09","83.91","94.16","82.86","93.39","81.98","92.79","81.3","92.35","80.8","92.09","80.51","92.01","80.41"
"93.73","83.34","92.61","82.08","91.66","81","90.87","80.11","90.25","79.41","89.81","78.9","89.54","78.6","89.45","78.49"
"91.4","81.69","90.25","80.41","89.27","79.3","88.46","78.39","87.83","77.67","87.37","77.16","87.09","76.85","87","76.74"
"89.18","80.21","88.01","78.9","87","77.78","86.17","76.85","85.52","76.11","85.05","75.59","84.77","75.27","84.67","75.16"
"87.09","78.9","85.89","77.57","84.86","76.43","84.01","75.48","83.34","74.73","82.86","74.2","82.57","73.87","82.47","73.76"
"85.14","77.78","83.91","76.43","82.86","75.27","81.98","74.31","81.3","73.55","80.8","73","80.51","72.67","80.41","72.56"
"83.34","76.85","82.08","75.48","81","74.31","80.11","73.33","79.41","72.56","78.9","72.01","78.6","71.67","78.49","71.56"
"81.69","76.11","80.41","74.73","79.3","73.55","78.39","72.56","77.67","71.79","77.16","71.23","76.85","70.89","76.74","70.78"
"80.21","75.59","78.9","74.2","77.78","73","76.85","72.01","76.11","71.23","75.59","70.66","75.27","70.32","75.16","70.21"
"78.9","75.27","77.57","73.87","76.43","72.67","75.48","71.67","74.73","70.89","74.2","70.32","73.87","69.98","73.76","69.87"
"77.78","75.16","76.43","73.76","75.27","72.56","74.31","71.56","73.55","70.78","73","70.21","72.67","69.87","72.56","69.75"
"76.85","75.27","75.48","73.87","74.31","72.67","73.33","71.67","72.56","70.89","72.01","70.32","71.67","69.98","71.56","69.87"
"76.11","75.59","74.73","74.2","73.55","73","72.56","72.01","71.79","71.23","71.23","70.66","70.89","70.32","70.78","70.21"
"75.59","76.11","74.2","74.73","73","73.55","72.01","72.56","71.23","71.79","70.66","71.23","70.32","70.89","70.21","70.78"
"75.27","76.85","73.87","75.48","72.67","74.31","71.67","73.33","70.89","72.56","70.32","72.01","69.98","71.67","69.87","71.56"
"75.16","77.78","73.76","76.43","72.56","75.27","71.56","74.31","70.78","73.55","70.21","73","69.87","72.67","69.75","72.56"
"75.27","78.9","73.87","77.57","72.67","76.43","71.67","75.48","70.89","74.73","70.32","74.2","69.98","73.87","69.87","73.76"
"75.59","80.21","74.2","78.9","73","77.78","72.01","76.85","71.23","76.11","70.66","75.59","70.32","75.27","70.21","75.16"
"76.11","81.69","74.73","80.41","73.55","79.3","72.56","78.39","71.79","77.67","71.23","77.16","70.89","76.85","70.78","76.74"
"76.85","83.34","75.48","82.08","74.31","81","73.33","80.11","72.56","79.41","72.01","78.9","71.67","78.6","71.56","78.49"
"77.78","85.14","76.43","83.91","75.27","82.86","74.31","81.98","73.55","81.3","73","80.8","72.67","80.51","72.56","80.41"
"78.9","87.09","77.57","85.89","76.43","84.86","75.48","84.01","74.73","83.34","74.2","82.86","73.87","82.57","73.76","82.47"
"80.21","89.18","78.9","88.01","77.78","87","76.85","86.17","76.11","85.52","75.59","85.05","75.27","84.77","75.16","84.67"
"81.69","91.4","80.41","90.25","79.3","89.27","78.39","88.46","77.67","87.83","77.16","87.37","76.85","87.09","76.74","87"
"97.41","86.54","96.17","85.14","95.09","83.91","94.16","82.86","93.39","81.98","92.79","81.3","92.35","80.8","92.09","80.51"
"95","84.77","93.73","83.34","92.61","82.08","91.66","81","90.87","80.11","90.25","79.41","89.81","78.9","89.54","78.6"
"92.7","83.15","91.4","81.69","90.25","80.41","89.27","79.3","88.46","78.39","87.83","77.67","87.37","77.16","87.09","76.85"
"90.52","81.69","89.18","80.21","88.01","78.9","87","77.78","86.17","76.85","85.52","76.11","85.05","75.59","84.77","75.27"
"88.46","80.41","87.09","78.9","85.89","77.57","84.86","76.43","84.01","75.48","83.34","74.73","82.86","74.2","82.57","73.87"
"86.54","79.3","85.14","77.78","83.91","76.43","82.86","75.27","81.98","74.31","81.3","73.55","80.8","73","80.51","72.67"
"84.77","78.39","83.34","76.85","82.08","75.48","81","74.31","80.11","73.33","79.41","72.56","78.9","72.01","78.6","71.67"
"83.15","77.67","81.69","76.11","80.41","74.73","79.3","73.55","78.39","72.56","77.67","71.79","77.16","71.23","76.85","70.89"
"81.69","77.16","80.21","75.59","78.9","74.2","77.78","73","76.85","72.01","76.11","71.23","75.59","70.66","75.27","70.32"
"80.41","76.85","78.9","75.27","77.57","73.87","76.43","72.67","75.48","71.67","74.73","70.89","74.2","70.32","73.87","69.98"
"79.3","76.74","77.78","75.16","76.43","73.76","75.27","72.56","74.31","71.56","73.55","70.78","73","70.21","72.67","69.87"
"78.39","76.85","76.85","75.27","75.48","73.87","74.31","72.67","73.33","71.67","72.56","70.89","72.01","70.32","71.67","69.98"
"77.67","77.16","76.11","75.59","74.73","74.2","73.55","73","72.56","72.01","71.79","71.23","71.23","70.66","70.89","70.32"
"77.16","77.67","75.59","76.11","74.2","74.73","73","73.55","72.01","72.56","71.23","71.79","70.66","71.23","70.32","70.89"
"76.85","78.39","75.27","76.85","73.87","75.48","72.67","74.31","71.67","73.33","70.89","72.56","70.32","72.01","69.98","71.67"
"76.74","79.3","75.16","77.78","73.76","76.43","72.56","75.27","71.56","74.31","70.78","73.55","70.21","73","69.87","72.67"
"76.85","80.41","75.27","78.9","73.87","77.57","72.67","76.43","71.67","75.48","70.89","74.73","70.32","74.2","69.98","73.87"
"77.16","81.69","75.59","80.21","74.2","78.9","73","77.78","72.01","76.85","71.23","76.11","70.66","75.59","70.32","75.27"
"77.67","83.15","76.11","81.69","74.73","80.41","73.55","79.3","72.56","78.39","71.79","77.67","71.23","77.16","70.89","76.85"
"78.39","84.77","76.85","83.34","75.48","82.08","74.31","81","73.33","80.11","72.56","79.41","72.01","78.9","71.67","78.6"
"79.3","86.54","77.78","85.14","76.43","83.91","75.27","82.86","74.31","81.98","73.55","81.3","73","80.8","72.67","80.51"
"80.41","88.46","78.9","87.09","77.57","85.89","76.43","84.86","75.48","84.01","74.73","83.34","74.2","82.86","73.87","82.57"
"81.69","90.52","80.21","89.18","78.9","88.01","77.78","87","76.85","86.17","76.11","85.52","75.59","85.05","75.27","84.77"
"83.15","92.7","81.69","91.4","80.41","90.25","79.3","89.27","78.39","88.46","77.67","87.83","77.16","87.37","76.85","87.09"
"98.8","88.1","97.41","86.54","96.17","85.14","95.09","83.91","94.16","82.86","93.39","81.98","92.79","81.3","92.35","80.8"
"96.42","86.36","95","84.77","93.73","83.34","92.61","82.08","91.66","81","90.87","80.11","90.25","79.41","89.81","78.9"
"94.16","84.77","92.7","83.15","91.4","81.69","90.25","80.41","89.27","79.3","88.46","78.39","87.83","77.67","87.37","77.16"
"92.01","83.34","90.52","81.69","89.18","80.21","88.01","78.9","87","77.78","86.17","76.85","85.52","76.11","85.05","75.59"
"89.98","82.08","88.46","80.41","87.09","78.9","85.89","77.57","84.86","76.43","84.01","75.48","83.34","74.73","82.86","74.2"
"88.1","81","86.54","79.3","85.14","77.78","83.91","76.43","82.86","75.27","81.98","74.31","81.3","73.55","80.8","73"
"86.36","80.11","84.77","78.39","83.34","76.85","82.08","75.48","81","74.31","80.11","73.33","79.41","72.56","78.9","72.01"
"84.77","79.41","83.15","77.67","81.69","76.11","80.41","74.73","79.3","73.55","78.39","72.56","77.67","71.79","77.16","71.23"
"83.34","78.9","81.69","77.16","80.21","75.59","78.9","74.2","77.78","73","76.85","72.01","76.11","71.23","75.59","70.66"
"82.08","78.6","80.41","76.85","78.9","75.27","77.57","73.87","76.43","72.67","75.48","71.67","74.73","70.89","74.2","70.32"
"81","78.49","79.3","76.74","77.78","75.16","76.43","73.76","75.27","72.56","74.31","71.56","73.55","70.78","73","70.21"
"80.11","78.6","78.39","76.85","76.85","75.27","75.48","73.87","74.31","72.67","73.33","71.67","72.56","70.89","72.01","70.32"
"79.41","78.9","77.67","77.16","76.11","75.59","74.73","74.2","73.55","73","72.56","72.01","71.79","71.23","71.23","70.66"
"78.9","79.41","77.16","77.67","75.59","76.11","74.2","74.73","73","73.55","72.01","72.56","71.23","71.79","70.66","71.23"
"78.6","80.11","76.85","78.39","75.27","76.85","73.87","75.48","72.67","74.31","71.67","73.33","70.89","72.56","70.32","72.01"
"78.49","81","76.74","79.3","75.16","77.78","73.76","76.43","72.56","75.27","71.56","74.31","70.78","73.55","70.21","73"
"78.6","82.08","76.85","80.41","75.27","78.9","73.87","77.57","72.67","76.43","71.67","75.48","70.89","74.73","70.32","74.2"
"78.9","83.34","77.16","81.69","75.59","80.21","74.2","78.9","73","77.78","72.01","76.85","71.23","76.11","70.66","75.59"
"79.41","84.77","77.67","83.15","76.11","81.69","74.73","80.41","73.55","79.3","72.56","78.39","71.79","77.67","71.23","77.16"
"80.11","86.36","78.39","84.77","76.85","83.34","75.48","82.08","74.31","81","73.33","80.11","72.56","79.41","72.01","78.9"
"81","88.1","79.3","86.54","77.78","85.14","76.43","83.91","75.27","82.86","74.31","81.98","73.55","81.3","73","80.8"
"82.08","89.98","80.41","88.46","78.9","87.09","77.57","85.89","76.43","84.86","75.48","84.01","74.73","83.34","74.2","82.86"
"83.34","92.01","81.69","90.52","80.21","89.18","78.9","88.01","77.78","87","76.85","86.17","76.11","85.52","75.59","85.05"
"84.77","94.16","83.15","92.7","81.69","91.4","80.41","90.25","79.3","89.27","78.39","88.46","77.67","87.83","77.16","87.37"
"100.33","89.81","98.8","88.1","97.41","86.54","96.17","85.14","95.09","83.91","94.16","82.86","93.39","81.98","92.79","81.3"
"97.99","88.1","96.42","86.36","95","84.77","93.73","83.34","92.61","82.08","91.66","81","90.87","80.11","90.25","79.41"
"95.76","86.54","94.16","84.77","92.7","83.15","91.4","81.69","90.25","80.41","89.27","79.3","88.46","78.39","87.83","77.67"
"93.64","85.14","92.01","83.34","90.52","81.69","89.18","80.21","88.01","78.9","87","77.78","86.17","76.85","85.52","76.11"
"91.66","83.91","89.98","82.08","88.46","80.41","87.09","78.9","85.89","77.57","84.86","76.43","84.01","75.48","83.34","74.73"
"89.81","82.86","88.1","81","86.54","79.3","85.14","77.78","83.91","76.43","82.86","75.27","81.98","74.31","81.3","73.55"
"88.1","81.98","86.36","80.11","84.77","78.39","83.34","76.85","82.08","75.48","81","74.31","80.11","73.33","79.41","72.56"
"86.54","81.3","84.77","79.41","83.15","77.67","81.69","76.11","80.41","74.73","79.3","73.55","78.39","72.56","77.67","71.79"
"85.14","80.8","83.34","78.9","81.69","77.16","80.21","75.59","78.9","74.2","77.78","73","76.85","72.01","76.11","71.23"
"83.91","80.51","82.08","78.6","80.41","76.85","78.9","75.27","77.57","73.87","76.43","72.67","75.48","71.67","74.73","70.89"
"82.86","80.41","81","78.49","79.3","76.74","77.78","75.16","76.43","73.76","75.27","72.56","74.31","71.56","73.55","70.78"
"81.98","80.51","80.11","78.6","78.39","76.85","76.85","75.27","75.48","73.87","74.31","72.67","73.33","71.67","72.56","70.89"
"81.3","80.8","79.41","78.9","77.67","77.16","76.11","75.59","74.73","74.2","73.55","73","72.56","72.01","71.79","71.23"
"80.8","81.3","78.9","79.41","77.16","77.67","75.59","76.11","74.2","74.73","73","73.55","72.01","72.56","71.23","71.79"
"80.51","81.98","78.6","80.11","76.85","78.39","75.27","76.85","73.87","75.48","72.67","74.31","71.67","73.33","70.89","72.56"
"80.41","82.86","78.49","81","76.74","79.3","75.16","77.78","73.76","76.43","72.56","75.27","71.56","74.31","70.78","73.55"
"80.51","83.91","78.6","82.08","76.85","80.41","75.27","78.9","73.87","77.57","72.67","76.43","71.67","75.48","70.89","74.73"
"80.8","85.14","78.9","83.34","77.16","81.69","75.59","80.21","74.2","78.9","73","77.78","72.01","76.85","71.23","76.11"
"81.3","86.54","79.41","84.77","77.67","83.15","76.11","81.69","74.73","80.41","73.55","79.3","72.56","78.39","71.79","77.67"
"81.98","88.1","80.11","86.36","78.39","84.77","76.85","83.34","75.48","82.08","74.31","81","73.33","80.11","72.56","79.41"
"82.86","89.81","81","88.1","79.3","86.54","77.78","85.14","76.43","83.91","75.27","82.86","74.31","81.98","73.55","81.3"
