{
    "0": [
        2,
        3,
        0
    ],
    "1": [
        2,
        -3,
        0
    ],
    "2": [
        4,
        3,
        0
    ],
    "3": [
        4,
        -3,
        0
    ],
    "4": [
        6,
        3,
        0
    ],
    "5": [
        6,
        -3,
        0
    ],
    "6": [
        8,
        3,
        0
    ],
    "7": [
        8,
        -3,
        0
    ],
    "8": [
        10,
        3,
        0
    ],
    "9": [
        10,
        -3,
        0
    ],
    "10": [
        1,
        0,
        0
    ],
    "11": [
        3,
        0,
        0
    ],
    "12": [
        5,
        0,
        0
    ],
    "13": [
        7,
        0,
        0
    ],
    "14": [
        9,
        0,
        0
    ],
    "15": [
        11,
        0,
        0
    ],
    "16": [
        1.732050807569,
        3,
        1
    ],
    "17": [
        1.732050807569,
        -3,
        1
    ],
    "18": [
        3.464101615138,
        3,
        2
    ],
    "19": [
        3.464101615138,
        -3,
        2
    ],
    "20": [
        5.196152422707,
        3,
        3
    ],
    "21": [
        5.196152422707,
        -3,
        3
    ],
    "22": [
        6.928203230276,
        3,
        4
    ],
    "23": [
        6.928203230276,
        -3,
        4
    ],
    "24": [
        8.660254037844,
        3,
        5
    ],
    "25": [
        8.660254037844,
        -3,
        5
    ],
    "26": [
        2.598076211353,
        0,
        1.5
    ],
    "27": [
        4.330127018922,
        0,
        2.5
    ],
    "28": [
        6.062177826491,
        0,
        3.5
    ],
    "29": [
        7.7942286340599995,
        0,
        4.5
    ],
    "30": [
        9.526279441629,
        0,
        5.5
    ],
    "31": [
        1,
        3,
        1.732050807569
    ],
    "32": [
        1,
        -3,
        1.732050807569
    ],
    "33": [
        2,
        3,
        3.464101615138
    ],
    "34": [
        2,
        -3,
        3.464101615138
    ],
    "35": [
        3,
        3,
        5.196152422707
    ],
    "36": [
        3,
        -3,
        5.196152422707
    ],
    "37": [
        4,
        3,
        6.928203230276
    ],
    "38": [
        4,
        -3,
        6.928203230276
    ],
    "39": [
        5,
        3,
        8.660254037844
    ],
    "40": [
        5,
        -3,
        8.660254037844
    ],
    "41": [
        0.5,
        0,
        0.866025403784
    ],
    "42": [
        1.5,
        0,
        2.598076211353
    ],
    "43": [
        2.5,
        0,
        4.330127018922
    ],
    "44": [
        3.5,
        0,
        6.062177826491
    ],
    "45": [
        4.5,
        0,
        7.7942286340599995
    ],
    "46": [
        5.5,
        0,
        9.526279441629
    ],
    "47": [
        0,
        3,
        2
    ],
    "48": [
        0,
        -3,
        2
    ],
    "49": [
        0,
        3,
        4
    ],
    "50": [
        0,
        -3,
        4
    ],
    "51": [
        0,
        3,
        6
    ],
    "52": [
        0,
        -3,
        6
    ],
    "53": [
        0,
        3,
        8
    ],
    "54": [
        0,
        -3,
        8
    ],
    "55": [
        0,
        3,
        10
    ],
    "56": [
        0,
        -3,
        10
    ],
    "57": [
        0,
        0,
        3
    ],
    "58": [
        0,
        0,
        5
    ],
    "59": [
        0,
        0,
        7
    ],
    "60": [
        0,
        0,
        9
    ],
    "61": [
        0,
        0,
        11
    ],
    "62": [
        -1,
        3,
        1.732050807569
    ],
    "63": [
        -1,
        -3,
        1.732050807569
    ],
    "64": [
        -2,
        3,
        3.464101615138
    ],
    "65": [
        -2,
        -3,
        3.464101615138
    ],
    "66": [
        -3,
        3,
        5.196152422707
    ],
    "67": [
        -3,
        -3,
        5.196152422707
    ],
    "68": [
        -4,
        3,
        6.928203230276
    ],
    "69": [
        -4,
        -3,
        6.928203230276
    ],
    "70": [
        -5,
        3,
        8.660254037844
    ],
    "71": [
        -5,
        -3,
        8.660254037844
    ],
    "72": [
        -0.5,
        0,
        0.866025403784
    ],
    "73": [
        -1.5,
        0,
        2.598076211353
    ],
    "74": [
        -2.5,
        0,
        4.330127018922
    ],
    "75": [
        -3.5,
        0,
        6.062177826491
    ],
    "76": [
        -4.5,
        0,
        7.7942286340599995
    ],
    "77": [
        -5.5,
        0,
        9.526279441629
    ],
    "78": [
        -1.732050807569,
        3,
        1
    ],
    "79": [
        -1.732050807569,
        -3,
        1
    ],
    "80": [
        -3.464101615138,
        3,
        2
    ],
    "81": [
        -3.464101615138,
        -3,
        2
    ],
    "82": [
        -5.196152422707,
        3,
        3
    ],
    "83": [
        -5.196152422707,
        -3,
        3
    ],
    "84": [
        -6.928203230276,
        3,
        4
    ],
    "85": [
        -6.928203230276,
        -3,
        4
    ],
    "86": [
        -8.660254037844,
        3,
        5
    ],
    "87": [
        -8.660254037844,
        -3,
        5
    ],
    "88": [
        -2.598076211353,
        0,
        1.5
    ],
    "89": [
        -4.330127018922,
        0,
        2.5
    ],
    "90": [
        -6.062177826491,
        0,
        3.5
    ],
    "91": [
        -7.7942286340599995,
        0,
        4.5
    ],
    "92": [
        -9.526279441629,
        0,
        5.5
    ],
    "93": [
        -2,
        3,
        0
    ],
    "94": [
        -2,
        -3,
        0
    ],
    "95": [
        -4,
        3,
        0
    ],
    "96": [
        -4,
        -3,
        0
    ],
    "97": [
        -6,
        3,
        0
    ],
    "98": [
        -6,
        -3,
        0
    ],
    "99": [
        -8,
        3,
        0
    ],
    "100": [
        -8,
        -3,
        0
    ],
    "101": [
        -10,
        3,
        0
    ],
    "102": [
        -10,
        -3,
        0
    ],
    "103": [
        -1,
        0,
        0
    ],
    "104": [
        -3,
        0,
        0
    ],
    "105": [
        -5,
        0,
        0
    ],
    "106": [
        -7,
        0,
        0
    ],
    "107": [
        -9,
        0,
        0
    ],
    "108": [
        -11,
        0,
        0
    ],
    "109": [
        -1.732050807569,
        3,
        -1
    ],
    "110": [
        -1.732050807569,
        -3,
        -1
    ],
    "111": [
        -3.464101615138,
        3,
        -2
    ],
    "112": [
        -3.464101615138,
        -3,
        -2
    ],
    "113": [
        -5.196152422707,
        3,
        -3
    ],
    "114": [
        -5.196152422707,
        -3,
        -3
    ],
    "115": [
        -6.928203230276,
        3,
        -4
    ],
    "116": [
        -6.928203230276,
        -3,
        -4
    ],
    "117": [
        -8.660254037844,
        3,
        -5
    ],
    "118": [
        -8.660254037844,
        -3,
        -5
    ],
    "119": [
        -2.598076211353,
        0,
        -1.5
    ],
    "120": [
        -4.330127018922,
        0,
        -2.5
    ],
    "121": [
        -6.062177826491,
        0,
        -3.5
    ],
    "122": [
        -7.7942286340599995,
        0,
        -4.5
    ],
    "123": [
        -9.526279441629,
        0,
        -5.5
    ],
    "124": [
        -1,
        3,
        -1.732050807569
    ],
    "125": [
        -1,
        -3,
        -1.732050807569
    ],
    "126": [
        -2,
        3,
        -3.464101615138
    ],
    "127": [
        -2,
        -3,
        -3.464101615138
    ],
    "128": [
        -3,
        3,
        -5.196152422707
    ],
    "129": [
        -3,
        -3,
        -5.196152422707
    ],
    "130": [
        -4,
        3,
        -6.928203230276
    ],
    "131": [
        -4,
        -3,
        -6.928203230276
    ],
    "132": [
        -5,
        3,
        -8.660254037844
    ],
    "133": [
        -5,
        -3,
        -8.660254037844
    ],
    "134": [
        -0.5,
        0,
        -0.866025403784
    ],
    "135": [
        -1.5,
        0,
        -2.598076211353
    ],
    "136": [
        -2.5,
        0,
        -4.330127018922
    ],
    "137": [
        -3.5,
        0,
        -6.062177826491
    ],
    "138": [
        -4.5,
        0,
        -7.7942286340599995
    ],
    "139": [
        -5.5,
        0,
        -9.526279441629
    ],
    "140": [
        0,
        3,
        -2
    ],
    "141": [
        0,
        -3,
        -2
    ],
    "142": [
        0,
        3,
        -4
    ],
    "143": [
        0,
        -3,
        -4
    ],
    "144": [
        0,
        3,
        -6
    ],
    "145": [
        0,
        -3,
        -6
    ],
    "146": [
        0,
        3,
        -8
    ],
    "147": [
        0,
        -3,
        -8
    ],
    "148": [
        0,
        3,
        -10
    ],
    "149": [
        0,
        -3,
        -10
    ],
    "150": [
        0,
        0,
        -3
    ],
    "151": [
        0,
        0,
        -5
    ],
    "152": [
        0,
        0,
        -7
    ],
    "153": [
        0,
        0,
        -9
    ],
    "154": [
        0,
        0,
        -11
    ],
    "155": [
        1,
        3,
        -1.732050807569
    ],
    "156": [
        1,
        -3,
        -1.732050807569
    ],
    "157": [
        2,
        3,
        -3.464101615138
    ],
    "158": [
        2,
        -3,
        -3.464101615138
    ],
    "159": [
        3,
        3,
        -5.196152422707
    ],
    "160": [
        3,
        -3,
        -5.196152422707
    ],
    "161": [
        4,
        3,
        -6.928203230276
    ],
    "162": [
        4,
        -3,
        -6.928203230276
    ],
    "163": [
        5,
        3,
        -8.660254037844
    ],
    "164": [
        5,
        -3,
        -8.660254037844
    ],
    "165": [
        0.5,
        0,
        -0.866025403784
    ],
    "166": [
        1.5,
        0,
        -2.598076211353
    ],
    "167": [
        2.5,
        0,
        -4.330127018922
    ],
    "168": [
        3.5,
        0,
        -6.062177826491
    ],
    "169": [
        4.5,
        0,
        -7.7942286340599995
    ],
    "170": [
        5.5,
        0,
        -9.526279441629
    ],
    "171": [
        1.732050807569,
        3,
        -1
    ],
    "172": [
        1.732050807569,
        -3,
        -1
    ],
    "173": [
        3.464101615138,
        3,
        -2
    ],
    "174": [
        3.464101615138,
        -3,
        -2
    ],
    "175": [
        5.196152422707,
        3,
        -3
    ],
    "176": [
        5.196152422707,
        -3,
        -3
    ],
    "177": [
        6.928203230276,
        3,
        -4
    ],
    "178": [
        6.928203230276,
        -3,
        -4
    ],
    "179": [
        8.660254037844,
        3,
        -5
    ],
    "180": [
        8.660254037844,
        -3,
        -5
    ],
    "181": [
        2.598076211353,
        0,
        -1.5
    ],
    "182": [
        4.330127018922,
        0,
        -2.5
    ],
    "183": [
        6.062177826491,
        0,
        -3.5
    ],
    "184": [
        7.7942286340599995,
        0,
        -4.5
    ],
    "185": [
        9.526279441629,
        0,
        -5.5
    ],
    "186": [
        12,
        3,
        0
    ],
    "187": [
        12,
        -3,
        0
    ],
    "188": [
        11.25,
        1,
        0
    ],
    "189": [
        12.75,
        1,
        0
    ],
    "190": [
        11.25,
        1.5,
        -1
    ],
    "191": [
        12.75,
        1.5,
        -1
    ],
    "192": [
        11.25,
        1,
        -2
    ],
    "193": [
        12.75,
        1,
        -2
    ],
    "194": [
        11.25,
        -1,
        0
    ],
    "195": [
        12.75,
        -1,
        0
    ],
    "196": [
        11.25,
        -1.5,
        -1
    ],
    "197": [
        12.75,
        -1.5,
        -1
    ],
    "198": [
        11.25,
        -1,
        -2
    ],
    "199": [
        12.75,
        -1,
        -2
    ],
    "200": [
        12,
        0,
        -2
    ],
    "201": [
        11.817693036146,
        3,
        2.083778132003
    ],
    "202": [
        11.817693036146,
        -3,
        2.083778132003
    ],
    "203": [
        11.276311449431,
        3,
        4.104241719908
    ],
    "204": [
        11.276311449431,
        -3,
        4.104241719908
    ],
    "205": [
        10.392304845413,
        3,
        6
    ],
    "206": [
        10.392304845413,
        -3,
        6
    ],
    "207": [
        9.642304845413,
        1,
        6
    ],
    "208": [
        11.142304845413,
        1,
        6
    ],
    "209": [
        9.642304845413,
        1.5,
        5
    ],
    "210": [
        11.142304845413,
        1.5,
        5
    ],
    "211": [
        9.642304845413,
        1,
        4
    ],
    "212": [
        11.142304845413,
        1,
        4
    ],
    "213": [
        9.642304845413,
        -1,
        6
    ],
    "214": [
        11.142304845413,
        -1,
        6
    ],
    "215": [
        9.642304845413,
        -1.5,
        5
    ],
    "216": [
        11.142304845413,
        -1.5,
        5
    ],
    "217": [
        9.642304845413,
        -1,
        4
    ],
    "218": [
        11.142304845413,
        -1,
        4
    ],
    "219": [
        10.392304845413,
        0,
        4
    ],
    "220": [
        9.192533317428,
        3,
        7.713451316238
    ],
    "221": [
        9.192533317428,
        -3,
        7.713451316238
    ],
    "222": [
        7.713451316238,
        3,
        9.192533317428
    ],
    "223": [
        7.713451316238,
        -3,
        9.192533317428
    ],
    "224": [
        6,
        3,
        10.392304845413
    ],
    "225": [
        6,
        -3,
        10.392304845413
    ],
    "226": [
        5.25,
        1,
        10.392304845413
    ],
    "227": [
        6.75,
        1,
        10.392304845413
    ],
    "228": [
        5.25,
        1.5,
        9.392304845413
    ],
    "229": [
        6.75,
        1.5,
        9.392304845413
    ],
    "230": [
        5.25,
        1,
        8.392304845413
    ],
    "231": [
        6.75,
        1,
        8.392304845413
    ],
    "232": [
        5.25,
        -1,
        10.392304845413
    ],
    "233": [
        6.75,
        -1,
        10.392304845413
    ],
    "234": [
        5.25,
        -1.5,
        9.392304845413
    ],
    "235": [
        6.75,
        -1.5,
        9.392304845413
    ],
    "236": [
        5.25,
        -1,
        8.392304845413
    ],
    "237": [
        6.75,
        -1,
        8.392304845413
    ],
    "238": [
        6,
        0,
        8.392304845413
    ],
    "239": [
        4.104241719908,
        3,
        11.276311449431
    ],
    "240": [
        4.104241719908,
        -3,
        11.276311449431
    ],
    "241": [
        2.083778132003,
        3,
        11.817693036146
    ],
    "242": [
        2.083778132003,
        -3,
        11.817693036146
    ],
    "243": [
        0,
        3,
        12
    ],
    "244": [
        0,
        -3,
        12
    ],
    "245": [
        -0.75,
        1,
        12
    ],
    "246": [
        0.75,
        1,
        12
    ],
    "247": [
        -0.75,
        1.5,
        11
    ],
    "248": [
        0.75,
        1.5,
        11
    ],
    "249": [
        -0.75,
        1,
        10
    ],
    "250": [
        0.75,
        1,
        10
    ],
    "251": [
        -0.75,
        -1,
        12
    ],
    "252": [
        0.75,
        -1,
        12
    ],
    "253": [
        -0.75,
        -1.5,
        11
    ],
    "254": [
        0.75,
        -1.5,
        11
    ],
    "255": [
        -0.75,
        -1,
        10
    ],
    "256": [
        0.75,
        -1,
        10
    ],
    "257": [
        0,
        0,
        10
    ],
    "258": [
        -2.083778132003,
        3,
        11.817693036146
    ],
    "259": [
        -2.083778132003,
        -3,
        11.817693036146
    ],
    "260": [
        -4.104241719908,
        3,
        11.276311449431
    ],
    "261": [
        -4.104241719908,
        -3,
        11.276311449431
    ],
    "262": [
        -6,
        3,
        10.392304845413
    ],
    "263": [
        -6,
        -3,
        10.392304845413
    ],
    "264": [
        -6.75,
        1,
        10.392304845413
    ],
    "265": [
        -5.25,
        1,
        10.392304845413
    ],
    "266": [
        -6.75,
        1.5,
        9.392304845413
    ],
    "267": [
        -5.25,
        1.5,
        9.392304845413
    ],
    "268": [
        -6.75,
        1,
        8.392304845413
    ],
    "269": [
        -5.25,
        1,
        8.392304845413
    ],
    "270": [
        -6.75,
        -1,
        10.392304845413
    ],
    "271": [
        -5.25,
        -1,
        10.392304845413
    ],
    "272": [
        -6.75,
        -1.5,
        9.392304845413
    ],
    "273": [
        -5.25,
        -1.5,
        9.392304845413
    ],
    "274": [
        -6.75,
        -1,
        8.392304845413
    ],
    "275": [
        -5.25,
        -1,
        8.392304845413
    ],
    "276": [
        -6,
        0,
        8.392304845413
    ],
    "277": [
        -7.713451316238,
        3,
        9.192533317428
    ],
    "278": [
        -7.713451316238,
        -3,
        9.192533317428
    ],
    "279": [
        -9.192533317428,
        3,
        7.713451316238
    ],
    "280": [
        -9.192533317428,
        -3,
        7.713451316238
    ],
    "281": [
        -10.392304845413,
        3,
        6
    ],
    "282": [
        -10.392304845413,
        -3,
        6
    ],
    "283": [
        -11.142304845413,
        1,
        6
    ],
    "284": [
        -9.642304845413,
        1,
        6
    ],
    "285": [
        -11.142304845413,
        1.5,
        5
    ],
    "286": [
        -9.642304845413,
        1.5,
        5
    ],
    "287": [
        -11.142304845413,
        1,
        4
    ],
    "288": [
        -9.642304845413,
        1,
        4
    ],
    "289": [
        -11.142304845413,
        -1,
        6
    ],
    "290": [
        -9.642304845413,
        -1,
        6
    ],
    "291": [
        -11.142304845413,
        -1.5,
        5
    ],
    "292": [
        -9.642304845413,
        -1.5,
        5
    ],
    "293": [
        -11.142304845413,
        -1,
        4
    ],
    "294": [
        -9.642304845413,
        -1,
        4
    ],
    "295": [
        -10.392304845413,
        0,
        4
    ],
    "296": [
        -11.276311449431,
        3,
        4.104241719908
    ],
    "297": [
        -11.276311449431,
        -3,
        4.104241719908
    ],
    "298": [
        -11.817693036146,
        3,
        2.083778132003
    ],
    "299": [
        -11.817693036146,
        -3,
        2.083778132003
    ],
    "300": [
        -12,
        3,
        0
    ],
    "301": [
        -12,
        -3,
        0
    ],
    "302": [
        -12.75,
        1,
        0
    ],
    "303": [
        -11.25,
        1,
        0
    ],
    "304": [
        -12.75,
        1.5,
        -1
    ],
    "305": [
        -11.25,
        1.5,
        -1
    ],
    "306": [
        -12.75,
        1,
        -2
    ],
    "307": [
        -11.25,
        1,
        -2
    ],
    "308": [
        -12.75,
        -1,
        0
    ],
    "309": [
        -11.25,
        -1,
        0
    ],
    "310": [
        -12.75,
        -1.5,
        -1
    ],
    "311": [
        -11.25,
        -1.5,
        -1
    ],
    "312": [
        -12.75,
        -1,
        -2
    ],
    "313": [
        -11.25,
        -1,
        -2
    ],
    "314": [
        -12,
        0,
        -2
    ],
    "315": [
        -11.817693036146,
        3,
        -2.083778132003
    ],
    "316": [
        -11.817693036146,
        -3,
        -2.083778132003
    ],
    "317": [
        -11.276311449431,
        3,
        -4.104241719908
    ],
    "318": [
        -11.276311449431,
        -3,
        -4.104241719908
    ],
    "319": [
        -10.392304845413,
        3,
        -6
    ],
    "320": [
        -10.392304845413,
        -3,
        -6
    ],
    "321": [
        -11.142304845413,
        1,
        -6
    ],
    "322": [
        -9.642304845413,
        1,
        -6
    ],
    "323": [
        -11.142304845413,
        1.5,
        -7
    ],
    "324": [
        -9.642304845413,
        1.5,
        -7
    ],
    "325": [
        -11.142304845413,
        1,
        -8
    ],
    "326": [
        -9.642304845413,
        1,
        -8
    ],
    "327": [
        -11.142304845413,
        -1,
        -6
    ],
    "328": [
        -9.642304845413,
        -1,
        -6
    ],
    "329": [
        -11.142304845413,
        -1.5,
        -7
    ],
    "330": [
        -9.642304845413,
        -1.5,
        -7
    ],
    "331": [
        -11.142304845413,
        -1,
        -8
    ],
    "332": [
        -9.642304845413,
        -1,
        -8
    ],
    "333": [
        -10.392304845413,
        0,
        -8
    ],
    "334": [
        -9.192533317428,
        3,
        -7.713451316238
    ],
    "335": [
        -9.192533317428,
        -3,
        -7.713451316238
    ],
    "336": [
        -7.713451316238,
        3,
        -9.192533317428
    ],
    "337": [
        -7.713451316238,
        -3,
        -9.192533317428
    ],
    "338": [
        -6,
        3,
        -10.392304845413
    ],
    "339": [
        -6,
        -3,
        -10.392304845413
    ],
    "340": [
        -6.75,
        1,
        -10.392304845413
    ],
    "341": [
        -5.25,
        1,
        -10.392304845413
    ],
    "342": [
        -6.75,
        1.5,
        -11.392304845413
    ],
    "343": [
        -5.25,
        1.5,
        -11.392304845413
    ],
    "344": [
        -6.75,
        1,
        -12.392304845413
    ],
    "345": [
        -5.25,
        1,
        -12.392304845413
    ],
    "346": [
        -6.75,
        -1,
        -10.392304845413
    ],
    "347": [
        -5.25,
        -1,
        -10.392304845413
    ],
    "348": [
        -6.75,
        -1.5,
        -11.392304845413
    ],
    "349": [
        -5.25,
        -1.5,
        -11.392304845413
    ],
    "350": [
        -6.75,
        -1,
        -12.392304845413
    ],
    "351": [
        -5.25,
        -1,
        -12.392304845413
    ],
    "352": [
        -6,
        0,
        -12.392304845413
    ],
    "353": [
        -4.104241719908,
        3,
        -11.276311449431
    ],
    "354": [
        -4.104241719908,
        -3,
        -11.276311449431
    ],
    "355": [
        -2.083778132003,
        3,
        -11.817693036146
    ],
    "356": [
        -2.083778132003,
        -3,
        -11.817693036146
    ],
    "357": [
        0,
        3,
        -12
    ],
    "358": [
        0,
        -3,
        -12
    ],
    "359": [
        -0.75,
        1,
        -12
    ],
    "360": [
        0.75,
        1,
        -12
    ],
    "361": [
        -0.75,
        1.5,
        -13
    ],
    "362": [
        0.75,
        1.5,
        -13
    ],
    "363": [
        -0.75,
        1,
        -14
    ],
    "364": [
        0.75,
        1,
        -14
    ],
    "365": [
        -0.75,
        -1,
        -12
    ],
    "366": [
        0.75,
        -1,
        -12
    ],
    "367": [
        -0.75,
        -1.5,
        -13
    ],
    "368": [
        0.75,
        -1.5,
        -13
    ],
    "369": [
        -0.75,
        -1,
        -14
    ],
    "370": [
        0.75,
        -1,
        -14
    ],
    "371": [
        0,
        0,
        -14
    ],
    "372": [
        2.083778132003,
        3,
        -11.817693036146
    ],
    "373": [
        2.083778132003,
        -3,
        -11.817693036146
    ],
    "374": [
        4.104241719908,
        3,
        -11.276311449431
    ],
    "375": [
        4.104241719908,
        -3,
        -11.276311449431
    ],
    "376": [
        6,
        3,
        -10.392304845413
    ],
    "377": [
        6,
        -3,
        -10.392304845413
    ],
    "378": [
        5.25,
        1,
        -10.392304845413
    ],
    "379": [
        6.75,
        1,
        -10.392304845413
    ],
    "380": [
        5.25,
        1.5,
        -11.392304845413
    ],
    "381": [
        6.75,
        1.5,
        -11.392304845413
    ],
    "382": [
        5.25,
        1,
        -12.392304845413
    ],
    "383": [
        6.75,
        1,
        -12.392304845413
    ],
    "384": [
        5.25,
        -1,
        -10.392304845413
    ],
    "385": [
        6.75,
        -1,
        -10.392304845413
    ],
    "386": [
        5.25,
        -1.5,
        -11.392304845413
    ],
    "387": [
        6.75,
        -1.5,
        -11.392304845413
    ],
    "388": [
        5.25,
        -1,
        -12.392304845413
    ],
    "389": [
        6.75,
        -1,
        -12.392304845413
    ],
    "390": [
        6,
        0,
        -12.392304845413
    ],
    "391": [
        7.713451316238,
        3,
        -9.192533317428
    ],
    "392": [
        7.713451316238,
        -3,
        -9.192533317428
    ],
    "393": [
        9.192533317428,
        3,
        -7.713451316238
    ],
    "394": [
        9.192533317428,
        -3,
        -7.713451316238
    ],
    "395": [
        10.392304845413,
        3,
        -6
    ],
    "396": [
        10.392304845413,
        -3,
        -6
    ],
    "397": [
        9.642304845413,
        1,
        -6
    ],
    "398": [
        11.142304845413,
        1,
        -6
    ],
    "399": [
        9.642304845413,
        1.5,
        -7
    ],
    "400": [
        11.142304845413,
        1.5,
        -7
    ],
    "401": [
        9.642304845413,
        1,
        -8
    ],
    "402": [
        11.142304845413,
        1,
        -8
    ],
    "403": [
        9.642304845413,
        -1,
        -6
    ],
    "404": [
        11.142304845413,
        -1,
        -6
    ],
    "405": [
        9.642304845413,
        -1.5,
        -7
    ],
    "406": [
        11.142304845413,
        -1.5,
        -7
    ],
    "407": [
        9.642304845413,
        -1,
        -8
    ],
    "408": [
        11.142304845413,
        -1,
        -8
    ],
    "409": [
        10.392304845413,
        0,
        -8
    ],
    "410": [
        11.276311449431,
        3,
        -4.104241719908
    ],
    "411": [
        11.276311449431,
        -3,
        -4.104241719908
    ],
    "412": [
        11.817693036146,
        3,
        -2.083778132003
    ],
    "413": [
        11.817693036146,
        -3,
        -2.083778132003
    ],
    "414": [
        -1,
        5,
        -1.732050807569
    ],
    "415": [
        1,
        5,
        -1.732050807569
    ],
    "416": [
        -1,
        -5,
        -1.732050807569
    ],
    "417": [
        1,
        -5,
        -1.732050807569
    ],
    "418": [
        -2,
        5,
        -3.464101615138
    ],
    "419": [
        2,
        5,
        -3.464101615138
    ],
    "420": [
        -2,
        -5,
        -3.464101615138
    ],
    "421": [
        2,
        -5,
        -3.464101615138
    ],
    "422": [
        -3,
        5,
        -5.196152422707
    ],
    "423": [
        3,
        5,
        -5.196152422707
    ],
    "424": [
        -3,
        -5,
        -5.196152422707
    ],
    "425": [
        3,
        -5,
        -5.196152422707
    ],
    "426": [
        -4,
        5,
        -6.928203230276
    ],
    "427": [
        4,
        5,
        -6.928203230276
    ],
    "428": [
        -4,
        -5,
        -6.928203230276
    ],
    "429": [
        4,
        -5,
        -6.928203230276
    ],
    "430": [
        -5,
        5,
        -8.660254037844
    ],
    "431": [
        5,
        5,
        -8.660254037844
    ],
    "432": [
        -5,
        -5,
        -8.660254037844
    ],
    "433": [
        5,
        -5,
        -8.660254037844
    ],
    "434": [
        -6,
        5,
        -10.392304845413
    ],
    "435": [
        6,
        5,
        -10.392304845413
    ],
    "436": [
        -6,
        -5,
        -10.392304845413
    ],
    "437": [
        6,
        -5,
        -10.392304845413
    ],
    "438": [
        -7,
        5,
        -12.124355652982
    ],
    "439": [
        -7,
        -5,
        -12.124355652982
    ],
    "440": [
        -7,
        5,
        -15.124355652982
    ],
    "441": [
        -7,
        -5,
        -15.124355652982
    ],
    "442": [
        -5,
        5,
        -12.124355652982
    ],
    "443": [
        -5,
        -5,
        -12.124355652982
    ],
    "444": [
        -5,
        5,
        -15.124355652982
    ],
    "445": [
        -5,
        -5,
        -15.124355652982
    ],
    "446": [
        -3,
        5,
        -12.124355652982
    ],
    "447": [
        -3,
        -5,
        -12.124355652982
    ],
    "448": [
        -3,
        5,
        -15.124355652982
    ],
    "449": [
        -3,
        -5,
        -15.124355652982
    ],
    "450": [
        -1,
        5,
        -12.124355652982
    ],
    "451": [
        -1,
        -5,
        -12.124355652982
    ],
    "452": [
        -1,
        5,
        -15.124355652982
    ],
    "453": [
        -1,
        -5,
        -15.124355652982
    ],
    "454": [
        1,
        5,
        -12.124355652982
    ],
    "455": [
        1,
        -5,
        -12.124355652982
    ],
    "456": [
        1,
        5,
        -15.124355652982
    ],
    "457": [
        1,
        -5,
        -15.124355652982
    ],
    "458": [
        3,
        5,
        -12.124355652982
    ],
    "459": [
        3,
        -5,
        -12.124355652982
    ],
    "460": [
        3,
        5,
        -15.124355652982
    ],
    "461": [
        3,
        -5,
        -15.124355652982
    ],
    "462": [
        5,
        5,
        -12.124355652982
    ],
    "463": [
        5,
        -5,
        -12.124355652982
    ],
    "464": [
        5,
        5,
        -15.124355652982
    ],
    "465": [
        5,
        -5,
        -15.124355652982
    ],
    "466": [
        7,
        5,
        -12.124355652982
    ],
    "467": [
        7,
        -5,
        -12.124355652982
    ],
    "468": [
        7,
        5,
        -15.124355652982
    ],
    "469": [
        7,
        -5,
        -15.124355652982
    ],
    "470": [
        7,
        5,
        -13.624355652982
    ],
    "471": [
        -7,
        -5,
        -13.624355652982
    ],
    "472": [
        0,
        0,
        0
    ],
    "473": [
        0,
        3,
        0
    ],
    "474": [
        0,
        -3,
        0
    ],
    "475": [
        0,
        5,
        0
    ],
    "476": [
        0,
        -5,
        0
    ]
}
